21405.604;51646.535;[24,12,13,33,6,20,14,21,10,22,32,30,19,31,16,17,8,26,1,29,35,37,36,25,23,9,7,4,34,28,27,38,2,18,15,5,3,11]
21375.156;51646.535;[8,20,32,26,7,6,27,29,28,19,18,30,21,10,35,5,23,4,24,33,36,34,25,22,17,11,9,31,38,37,16,2,13,15,1,14,3,12]
21187.113;50623.754;[5,3,11,33,6,20,14,21,10,22,32,30,19,31,16,17,8,26,1,29,35,37,36,25,23,9,7,4,34,28,27,38,2,18,15,12,24,13]
20889.59;50623.754;[4,29,20,26,7,24,6,3,33,30,32,9,21,10,1,5,17,16,35,38,37,36,25,23,19,31,34,28,15,12,18,11,22,2,8,27,14,13]
20339.025;46578.793;[8,13,20,26,7,24,6,3,33,30,32,9,21,10,1,5,17,16,35,38,37,36,25,23,19,31,34,28,15,12,18,11,22,4,29,27,14,2]
20162.104;47941.637;[13,6,24,7,22,2,8,3,9,10,21,32,26,29,1,5,17,16,35,38,37,36,25,23,19,31,34,28,15,12,18,11,4,20,27,33,14,30]
19154.94;49275.586;[9,13,24,20,26,7,33,30,29,14,6,21,2,10,1,5,17,16,35,38,37,36,25,23,19,31,34,28,15,12,18,11,22,8,3,4,27,32]
19154.94;49275.586;[9,13,24,20,26,7,33,30,29,14,6,21,2,10,1,5,17,16,35,38,37,36,25,23,19,31,34,28,15,12,18,11,22,8,3,4,27,32]
18153.498;46844.723;[5,8,9,25,3,4,17,6,13,15,36,24,22,11,19,23,32,37,27,12,16,18,20,10,29,21,14,2,1,7,34,33,26,35,30,28,38,31]
18153.498;46844.723;[5,8,9,25,3,4,17,6,13,15,36,24,22,11,19,23,32,37,27,12,16,18,20,10,29,21,14,2,1,7,34,33,26,35,30,28,38,31]
17799.277;44131.08;[13,24,20,6,10,1,2,5,23,19,28,15,32,29,14,21,30,27,35,33,36,34,25,22,17,11,9,31,38,37,16,7,26,4,8,12,18,3]
17419.594;42764.73;[27,21,14,10,29,38,33,31,13,24,22,28,7,4,6,15,18,16,36,26,30,8,3,9,1,2,5,25,23,35,32,37,34,19,17,12,11,20]
17419.594;42764.73;[27,21,14,10,29,38,33,31,13,24,22,28,7,4,6,15,18,16,36,26,30,8,3,9,1,2,5,25,23,35,32,37,34,19,17,12,11,20]
17362.518;46920.047;[22,27,6,5,12,3,4,9,15,20,10,29,21,14,2,1,7,16,35,38,37,36,25,23,19,31,34,28,26,24,8,32,33,30,17,18,11,13]
17252.57;46920.047;[27,22,6,12,5,3,4,9,15,20,10,29,21,14,2,1,7,16,35,38,37,36,25,23,19,31,34,28,26,24,8,32,33,30,17,18,11,13]
16977.184;44218.027;[8,6,3,27,9,16,4,5,15,28,20,10,29,21,14,2,1,7,26,23,36,34,25,22,12,19,11,17,35,24,32,30,38,37,31,33,13,18]
16977.184;40073.664;[8,6,3,27,9,16,4,5,15,28,20,10,29,21,14,2,1,7,26,23,36,34,25,22,12,19,11,17,35,24,32,30,38,37,31,33,13,18]
17010.646;40073.664;[8,13,18,16,6,3,30,32,15,28,20,10,29,21,14,2,1,7,26,23,35,27,9,17,19,12,4,5,22,24,38,37,25,11,31,33,34,36]
16819.523;38938.41;[24,8,26,7,6,20,15,12,18,27,35,33,36,34,25,17,9,30,29,14,21,10,1,2,5,4,32,38,37,23,31,28,22,3,16,13,19,11,11]
16819.523;41630.9;[24,8,26,7,6,20,15,12,18,27,35,33,36,34,25,17,9,30,29,14,21,10,1,2,5,4,32,38,37,23,31,28,22,3,16,13,19,11,11]
16462.219;41630.9;[8,6,3,4,5,15,28,20,10,29,21,14,22,32,30,2,1,7,26,23,36,34,38,37,11,12,18,24,27,19,17,16,35,25,31,33,9,13]
16030.701;39050.027;[6,19,8,3,5,4,24,27,31,33,37,34,36,38,13,28,23,25,17,11,16,12,18,20,10,29,21,14,2,7,26,1,35,32,30,15,22,9]
15761.4795;39469.953;[6,12,11,8,16,30,32,13,15,28,20,10,29,21,14,2,1,7,26,23,19,3,5,4,24,27,31,33,37,34,35,36,38,17,18,25,22,9]
15761.4795;39900.258;[6,12,11,8,16,30,32,13,15,28,20,10,29,21,14,2,1,7,26,23,19,3,5,4,24,27,31,33,37,34,35,36,38,17,18,25,22,9]
15637.259;39900.258;[11,12,9,8,16,30,32,13,15,28,20,10,29,21,14,2,1,7,26,23,19,3,5,4,24,27,31,33,37,34,35,36,38,17,18,25,22,6]
15637.259;39709.426;[11,12,9,8,16,30,32,13,15,28,20,10,29,21,14,2,1,7,26,23,19,3,5,4,24,27,31,33,37,34,35,36,38,17,18,25,22,6]
15077.111;38672.28;[6,8,28,13,7,20,10,21,14,2,1,15,26,23,32,29,30,27,35,34,19,11,12,38,37,33,36,31,22,24,25,17,9,5,18,16,4,3]
15077.111;38672.28;[6,8,28,13,7,20,10,21,14,2,1,15,26,23,32,29,30,27,35,34,19,11,12,38,37,33,36,31,22,24,25,17,9,5,18,16,4,3]
14955.035;37917.29;[8,3,6,4,13,15,28,20,10,29,21,14,2,1,26,23,32,30,27,35,33,36,34,25,22,17,11,9,31,38,37,5,7,24,19,18,16,12]
14868.845;35468.676;[8,6,4,13,7,10,21,14,2,1,15,26,32,30,35,38,37,33,25,17,9,5,18,16,36,31,27,34,28,20,23,29,11,22,24,19,12,3]
14868.845;35468.676;[8,6,4,13,7,10,21,14,2,1,15,26,32,30,35,38,37,33,25,17,9,5,18,16,36,31,27,34,28,20,23,29,11,22,24,19,12,3]
14750.375;34993.55;[4,8,6,13,7,10,21,14,2,1,15,26,32,30,35,38,37,33,25,17,9,5,18,16,36,31,27,34,28,20,23,29,11,22,24,19,12,3]
14750.375;37014.156;[4,8,6,13,7,10,21,14,2,1,15,26,32,30,35,38,37,33,25,17,9,5,18,16,36,31,27,34,28,20,23,29,11,22,24,19,12,3]
14913.281;37014.156;[13,26,15,10,21,14,2,1,9,5,7,3,29,30,35,38,37,28,27,18,6,8,23,20,32,22,24,19,17,16,12,31,33,36,34,25,4,11]
15007.316;36469.086;[4,9,6,26,23,32,25,13,30,33,35,38,37,36,31,34,22,20,10,29,21,14,2,1,28,7,3,8,11,12,18,24,19,17,16,27,15,5]
14479.782;36336.305;[6,13,7,15,26,32,21,10,14,2,1,23,20,28,17,5,18,8,16,12,9,4,22,24,25,38,33,37,36,31,27,34,35,29,30,11,19,3]
13427.213;31527.15;[6,3,22,23,13,15,28,20,10,29,21,14,2,1,26,32,30,35,38,37,33,25,19,16,18,8,17,24,27,34,31,36,11,12,9,4,7,5]
13427.213;37807.137;[6,3,22,23,13,15,28,20,10,29,21,14,2,1,26,32,30,35,38,37,33,25,19,16,18,8,17,24,27,34,31,36,11,12,9,4,7,5]
13427.213;37807.137;[6,3,22,23,13,15,28,20,10,29,21,14,2,1,26,32,30,35,38,37,33,25,19,16,18,8,17,24,27,34,31,36,11,12,9,4,7,5]
14498.322;33534.645;[28,13,3,4,20,10,21,14,2,1,32,29,30,35,34,22,24,25,17,8,11,16,33,36,38,37,31,27,9,6,7,26,23,15,5,19,12,18]
14291.023;34357.3;[3,13,7,6,21,10,14,2,1,5,4,15,32,30,26,25,22,29,35,38,37,33,17,9,18,16,36,31,27,34,12,19,11,28,20,23,24,8]
14291.023;34357.3;[3,13,7,6,21,10,14,2,1,5,4,15,32,30,26,25,22,29,35,38,37,33,17,9,18,16,36,31,27,34,12,19,11,28,20,23,24,8]
14386.121;31549.627;[3,16,7,28,27,33,35,32,30,17,19,15,13,38,37,36,31,34,22,20,10,29,21,14,2,1,25,26,23,11,12,18,8,9,4,24,5,6]
14386.121;31146.43;[3,16,7,28,27,33,35,32,30,17,19,15,13,38,37,36,31,34,22,20,10,29,21,14,2,1,25,26,23,11,12,18,8,9,4,24,5,6]
13634.167;35452.184;[3,6,4,13,10,21,14,2,1,7,28,32,29,30,35,35,34,22,24,26,23,15,5,17,16,18,9,20,25,38,33,37,36,31,27,8,19,12,11]
13634.167;35452.184;[3,6,4,13,10,21,14,2,1,7,28,32,29,30,35,35,34,22,24,26,23,15,5,17,16,18,9,20,25,38,33,37,36,31,27,8,19,12,11]
13566.184;35025.973;[6,3,4,13,10,21,14,2,1,7,28,32,29,30,35,35,34,22,24,26,23,15,5,17,16,18,9,20,25,38,33,37,36,31,27,8,11,12,19]
13566.184;35025.973;[6,3,4,13,10,21,14,2,1,7,28,32,29,30,35,35,34,22,24,26,23,15,5,17,16,18,9,20,25,38,33,37,36,31,27,8,11,12,19]
13873.215;36225.387;[4,18,17,8,10,29,21,14,2,1,32,30,27,28,15,23,13,33,35,38,37,36,31,34,20,25,26,22,24,5,19,16,12,11,9,6,7,3]
13743.074;36225.387;[6,15,3,5,20,21,14,10,2,1,7,28,32,29,30,35,35,34,22,24,23,4,18,17,16,26,25,38,37,33,36,31,27,11,9,12,8,19,13]
13743.074;36084.12;[6,15,3,5,20,21,14,10,2,1,7,28,32,29,30,35,35,34,22,24,23,4,18,17,16,26,25,38,37,33,36,31,27,11,9,12,8,19,13]
13631.163;34513.063;[13,15,9,5,20,21,14,10,2,1,7,28,32,29,30,35,35,34,22,24,23,4,18,17,16,26,25,38,37,33,36,31,27,6,3,11,12,19,8]
13626.637;35044.348;[3,5,15,16,28,10,29,21,14,2,1,32,30,35,38,37,33,20,25,23,22,26,4,19,18,8,17,24,27,34,31,36,11,12,9,13,7,6]
13514.863;35044.348;[16,3,2,1,7,4,17,8,5,23,13,15,28,26,32,30,29,21,10,14,35,38,37,33,36,31,34,22,20,6,27,25,24,9,11,12,18,19]
13514.863;34787.027;[16,3,2,1,7,4,17,8,5,23,13,15,28,26,32,30,29,21,10,14,35,38,37,33,36,31,34,22,20,6,27,25,24,9,11,12,18,19]
13414.617;33206.934;[4,3,13,29,32,30,21,10,1,14,2,5,17,15,28,20,6,8,23,27,33,35,38,37,36,31,34,25,26,22,24,19,16,12,9,11,18,7]
13369.57;34410.543;[7,3,4,23,13,15,28,29,21,10,1,14,2,5,17,20,26,32,30,35,38,37,33,6,27,36,31,34,25,22,24,9,11,19,16,18,12,8]
13311.992;34410.543;[7,3,4,5,6,22,24,17,29,21,10,14,1,2,26,23,28,20,19,18,32,30,27,33,35,38,37,36,31,34,15,13,25,12,11,16,8,9]
12921.005;36875.08;[7,3,4,5,6,15,20,22,24,17,29,21,10,14,1,2,26,23,28,19,18,32,30,27,33,35,38,37,36,31,34,13,25,12,11,16,8,9]
12921.005;36875.08;[7,3,4,5,6,15,20,22,24,17,29,21,10,14,1,2,26,23,28,19,18,32,30,27,33,35,38,37,36,31,34,13,25,12,11,16,8,9]
13079.298;34613.51;[3,13,6,7,2,1,25,29,21,10,14,23,32,30,28,35,33,38,37,22,20,26,15,8,5,9,19,24,27,34,31,36,11,12,16,17,18,4]
13079.298;34613.51;[3,13,6,7,2,1,25,29,21,10,14,23,32,30,28,35,33,38,37,22,20,26,15,8,5,9,19,24,27,34,31,36,11,12,16,17,18,4]
12895.786;32225.17;[3,6,15,23,32,30,29,21,10,1,14,2,5,17,13,25,35,33,38,37,36,31,34,22,20,24,26,9,7,8,4,18,16,27,28,19,12,11]
12895.786;32225.17;[3,6,15,23,32,30,29,21,10,1,14,2,5,17,13,25,35,33,38,37,36,31,34,22,20,24,26,9,7,8,4,18,16,27,28,19,12,11]
13157.895;31788.799;[23,13,26,20,22,24,7,9,12,6,3,4,8,17,11,15,5,28,32,30,35,38,37,33,36,27,31,34,25,29,21,1,10,14,2,19,18,16]
12378.65;30165.404;[19,13,20,10,29,21,14,2,1,6,5,3,7,9,18,12,17,15,4,8,23,28,26,32,30,35,38,37,33,27,36,31,34,24,25,22,11,16]
12378.65;34944.76;[19,13,20,10,29,21,14,2,1,6,5,3,7,9,18,12,17,15,4,8,23,28,26,32,30,35,38,37,33,27,36,31,34,24,25,22,11,16]
12378.65;34944.76;[19,13,20,10,29,21,14,2,1,6,5,3,7,9,18,12,17,15,4,8,23,28,26,32,30,35,38,37,33,27,36,31,34,24,25,22,11,16]
12528.913;31680.354;[3,7,13,5,15,23,25,24,28,26,32,30,29,21,10,14,35,38,37,33,36,31,34,22,20,27,17,19,4,6,2,1,18,12,11,9,8,16]
11900.236;33177.633;[7,3,4,1,2,26,24,29,21,10,14,23,28,18,15,5,6,13,20,32,30,35,38,37,33,27,36,31,34,25,22,16,19,11,17,12,9,8]
11900.236;34522.734;[7,3,4,1,2,26,24,29,21,10,14,23,28,18,15,5,6,13,20,32,30,35,38,37,33,27,36,31,34,25,22,16,19,11,17,12,9,8]
11864.801;36080.895;[4,2,26,29,21,10,14,1,6,5,3,7,9,18,12,24,25,23,28,15,13,20,32,30,35,38,37,33,27,36,31,34,22,16,19,11,17,8]
11864.801;30780.775;[4,2,26,29,21,10,14,1,6,5,3,7,9,18,12,24,25,23,28,15,13,20,32,30,35,38,37,33,27,36,31,34,22,16,19,11,17,8]
12141.17;32088.605;[28,13,20,10,29,21,14,2,1,6,5,3,7,9,18,12,17,15,4,8,23,26,32,30,35,38,37,33,36,27,31,34,25,22,24,19,11,16]
12231.38;34108.277;[16,13,20,10,29,21,14,2,1,6,5,3,7,9,18,12,17,15,4,8,23,26,32,30,35,38,37,33,31,36,34,28,22,27,11,24,25,19]
12204.726;34108.277;[16,25,20,10,29,21,14,2,1,6,5,3,7,9,18,12,17,15,4,8,23,26,32,30,35,38,37,33,31,36,34,28,22,27,11,24,13,19]
12204.726;33047.176;[16,25,20,10,29,21,14,2,1,6,5,3,7,9,18,12,17,15,4,8,23,26,32,30,35,38,37,33,31,36,34,28,22,27,11,24,13,19]
12368.393;32256.375;[7,5,9,15,28,24,13,22,20,29,21,1,10,14,2,4,25,19,16,3,26,23,32,30,35,38,37,33,36,31,34,27,17,6,18,12,11,8]
12328.344;31495.338;[16,24,25,2,1,6,5,7,3,4,12,18,17,15,28,20,26,32,30,29,21,10,14,35,37,33,38,36,31,34,27,23,13,8,9,22,11,19]
12306.2;31495.338;[19,24,25,2,1,6,5,7,3,4,12,18,17,15,28,20,26,32,30,29,21,10,14,35,37,33,38,36,31,34,27,23,13,8,9,22,11,16]
12193.343;31212.89;[7,3,5,9,23,25,26,32,29,21,10,14,20,17,19,4,6,8,1,2,18,12,28,30,35,38,37,33,36,31,34,27,11,16,15,24,22,13]
12116.022;31212.89;[7,3,5,9,23,25,26,32,29,21,10,14,20,17,19,4,6,1,2,18,12,28,30,35,38,37,33,36,31,34,27,11,24,22,15,13,8,16]
12116.022;30032.977;[7,3,5,9,23,25,26,32,29,21,10,14,20,17,19,4,6,1,2,18,12,28,30,35,38,37,33,36,31,34,27,11,24,22,15,13,8,16]
12038.099;33302.08;[7,3,5,9,23,25,26,32,29,21,10,14,20,17,19,4,6,1,2,18,12,28,30,35,38,37,33,36,31,34,27,11,24,22,15,13,16,8]
12038.099;33302.08;[7,3,5,9,23,25,26,32,29,21,10,14,20,17,19,4,6,1,2,18,12,28,30,35,38,37,33,36,31,34,27,11,24,22,15,13,16,8]
12267.093;31998.363;[11,13,22,20,29,21,14,2,1,6,5,3,7,9,18,12,17,15,4,8,23,10,32,30,35,28,24,25,26,38,37,33,36,31,34,27,19,16]
12267.093;30398.623;[11,13,22,20,29,21,14,2,1,6,5,3,7,9,18,12,17,15,4,8,23,10,32,30,35,28,24,25,26,38,37,33,36,31,34,27,19,16]
12142.544;30264.031;[5,3,7,9,23,25,24,28,33,36,31,34,30,29,22,20,26,32,21,10,14,35,38,37,27,17,19,15,13,6,4,2,1,18,12,11,16,8]
12142.544;28787.572;[5,3,7,9,23,25,24,28,33,36,31,34,30,29,22,20,26,32,21,10,14,35,38,37,27,17,19,15,13,6,4,2,1,18,12,11,16,8]
12296.549;30271.502;[9,24,7,5,4,3,12,1,2,6,8,25,22,26,29,21,10,14,20,15,23,28,32,30,35,38,37,33,36,31,34,27,18,19,13,11,17,16]
12296.549;30576.494;[9,24,7,5,4,3,12,1,2,6,8,25,22,26,29,21,10,14,20,15,23,28,32,30,35,38,37,33,36,31,34,27,18,19,13,11,17,16]
12262.854;32903.02;[7,6,5,4,3,2,1,25,15,24,28,26,32,30,29,21,10,14,22,20,9,16,12,13,17,23,35,38,37,33,27,36,31,34,19,18,11,8]
11839.747;32903.02;[3,2,1,9,8,5,6,7,25,24,16,17,22,26,29,21,10,14,20,15,23,28,32,30,35,38,37,33,36,31,34,27,18,19,13,11,12,4]
11839.747;35733.566;[3,2,1,9,8,5,6,7,25,24,16,17,22,26,29,21,10,14,20,15,23,28,32,30,35,38,37,33,36,31,34,27,18,19,13,11,12,4]
11728.639;35733.566;[7,5,3,2,1,32,30,29,21,10,14,9,23,25,24,28,33,36,31,34,22,20,26,35,38,37,27,17,19,15,13,6,4,18,12,11,16,8]
11728.639;33287.426;[7,5,3,2,1,32,30,29,21,10,14,9,23,25,24,28,33,36,31,34,22,20,26,35,38,37,27,17,19,15,13,6,4,18,12,11,16,8]
11200.032;33287.426;[9,16,17,18,28,32,30,29,21,10,1,2,14,4,13,7,3,8,35,38,37,33,36,31,34,27,5,6,15,22,20,25,23,26,24,19,11,12]
11200.032;32336.756;[9,16,17,18,28,32,30,29,21,10,1,2,14,4,13,7,3,8,35,38,37,33,36,31,34,27,5,6,15,22,20,25,23,26,24,19,11,12]
11555.1875;32336.756;[9,18,8,13,16,17,28,32,30,29,21,10,1,2,14,4,7,3,35,38,37,33,36,31,34,27,5,6,15,22,20,25,23,26,24,19,11,12]
11782.312;28757.416;[5,3,6,12,18,26,32,30,29,21,10,14,4,2,1,20,15,13,17,7,25,24,16,22,23,28,35,38,37,33,36,31,34,27,19,11,8,9]
11782.312;30025.703;[5,3,6,12,18,26,32,30,29,21,10,14,4,2,1,20,15,13,17,7,25,24,16,22,23,28,35,38,37,33,36,31,34,27,19,11,8,9]
11967.87;30323.32;[12,18,17,19,29,21,10,14,1,2,5,4,3,6,15,32,30,35,38,37,33,36,27,31,34,25,23,26,24,9,22,20,28,16,8,13,11,7]
12091.814;33127.66;[7,1,2,3,5,6,12,4,25,24,16,17,22,26,29,21,10,14,20,15,23,28,32,30,35,38,37,33,36,31,34,27,18,19,13,11,9,8]
11775.062;33127.66;[11,9,18,8,16,28,32,29,30,1,2,4,7,3,5,6,15,22,20,25,23,26,24,19,13,21,10,14,35,38,37,33,36,31,34,27,17,12]
11424.825;30630.105;[11,16,9,8,1,2,13,23,24,32,30,29,21,10,14,28,35,38,37,33,36,31,27,34,22,20,25,26,7,5,4,3,6,15,19,17,18,12]
11424.825;30630.105;[11,16,9,8,1,2,13,23,24,32,30,29,21,10,14,28,35,38,37,33,36,31,27,34,22,20,25,26,7,5,4,3,6,15,19,17,18,12]
11424.825;30016.326;[11,16,9,8,1,2,13,23,24,32,30,29,21,10,14,28,35,38,37,33,36,31,27,34,22,20,25,26,7,5,4,3,6,15,19,17,18,12]
11424.825;31992.29;[11,16,9,8,1,2,13,23,24,32,30,29,21,10,14,28,35,38,37,33,36,31,27,34,22,20,25,26,7,5,4,3,6,15,19,17,18,12]
11567.399;31992.29;[13,11,16,28,29,21,10,14,1,2,32,30,35,38,37,33,36,31,34,17,19,18,5,4,3,6,15,22,7,20,25,23,26,24,27,12,9,8]
11364.555;29130.424;[9,12,7,18,26,23,28,22,30,29,21,10,1,2,4,3,5,6,14,24,25,20,32,35,38,37,33,31,31,34,34,36,27,17,16,11,19,15,13,8]
11364.555;29191.56;[9,12,7,18,26,23,28,22,30,29,21,10,1,2,4,3,5,6,14,24,25,20,32,35,38,37,33,31,31,34,34,36,27,17,16,11,19,15,13,8]
11741.06;30531.133;[9,8,13,1,2,4,6,23,24,32,30,29,21,10,14,28,35,38,37,33,36,31,27,34,22,20,25,26,7,5,3,18,19,11,16,17,15,12]
11791.803;30531.133;[12,16,8,13,1,2,5,25,26,32,30,29,21,10,14,4,3,24,22,20,15,17,7,6,23,28,35,38,37,33,36,31,34,27,19,18,11,9]
11468.741;29853.21;[9,8,32,29,21,10,14,1,2,3,6,30,35,38,37,33,27,36,31,34,28,25,23,22,24,7,4,5,11,26,20,15,13,19,12,18,17,16]
11468.741;29853.21;[9,8,32,29,21,10,14,1,2,3,6,30,35,38,37,33,27,36,31,34,28,25,23,22,24,7,4,5,11,26,20,15,13,19,12,18,17,16]
12033.046;33282.25;[4,3,16,32,30,29,21,10,14,1,2,5,6,22,25,20,23,17,19,15,13,7,8,9,18,11,26,24,35,38,37,28,33,36,31,34,27,12]
11255.742;33282.25;[32,30,29,21,10,14,1,2,4,13,7,11,9,28,35,38,37,33,31,34,36,27,25,26,5,3,6,24,22,20,23,15,17,19,18,12,8,16]
11255.742;34320.055;[32,30,29,21,10,14,1,2,4,13,7,11,9,28,35,38,37,33,31,34,36,27,25,26,5,3,6,24,22,20,23,15,17,19,18,12,8,16]
10708.951;34320.055;[9,6,4,15,13,23,32,30,29,21,10,14,1,2,8,24,22,35,38,37,34,36,31,33,27,17,19,28,20,25,26,5,3,7,11,16,18,12]
10708.951;29850.453;[9,6,4,15,13,23,32,30,29,21,10,14,1,2,8,24,22,35,38,37,34,36,31,33,27,17,19,28,20,25,26,5,3,7,11,16,18,12]
10952.542;31732.082;[8,9,13,20,29,21,10,14,1,2,4,3,24,28,23,32,30,35,38,37,33,36,34,31,27,25,26,5,6,15,22,11,7,16,19,18,17,12]
10952.542;37143.867;[8,9,13,20,29,21,10,14,1,2,4,3,24,28,23,32,30,35,38,37,33,36,34,31,27,25,26,5,6,15,22,11,7,16,19,18,17,12]
11401.325;37143.867;[7,17,8,9,19,12,16,28,32,30,29,21,10,14,1,2,24,25,20,35,38,37,33,31,31,34,34,36,27,22,23,26,18,11,5,4,3,13,6,15]
11401.325;32317.158;[7,17,8,9,19,12,16,28,32,30,29,21,10,14,1,2,24,25,20,35,38,37,33,31,31,34,34,36,27,22,23,26,18,11,5,4,3,13,6,15]
11470.021;34963.086;[12,11,13,22,25,32,29,21,10,14,1,2,4,3,6,15,26,9,24,28,5,7,8,23,20,30,35,38,37,33,33,36,31,34,16,19,27,17,18]
11470.021;34963.086;[12,11,13,22,25,32,29,21,10,14,1,2,4,3,6,15,26,9,24,28,5,7,8,23,20,30,35,38,37,33,33,36,31,34,16,19,27,17,18]
11890.564;31206.773;[9,11,13,22,17,25,32,29,21,10,14,1,2,4,3,6,15,26,24,28,5,7,8,23,20,30,35,38,37,33,33,36,31,34,16,19,27,18,12]
12158.919;30271.855;[7,4,3,5,9,13,24,29,21,10,14,1,2,23,28,20,32,30,35,38,37,33,31,34,36,27,25,6,8,22,26,17,15,19,11,16,18,12]
11828.8125;30813.03;[8,9,3,13,15,6,22,28,24,32,30,29,21,10,1,2,7,4,14,35,38,37,33,31,34,36,27,20,25,23,26,5,16,17,11,12,18,19]
11176.116;30813.03;[8,9,13,15,6,28,24,30,29,21,10,1,2,7,4,14,20,25,23,26,32,35,38,37,33,31,34,36,27,22,5,3,16,17,19,11,12,18]
11176.116;27002.074;[8,9,13,15,6,28,24,30,29,21,10,1,2,7,4,14,20,25,23,26,32,35,38,37,33,31,34,36,27,22,5,3,16,17,19,11,12,18]
11039.019;34778.516;[8,9,13,15,6,28,24,30,29,21,10,1,2,7,4,14,20,25,23,26,32,35,38,37,33,31,34,36,27,22,5,3,16,17,19,18,12,11]
11039.019;34778.516;[8,9,13,15,6,28,24,30,29,21,10,1,2,7,4,14,20,25,23,26,32,35,38,37,33,31,34,36,27,22,5,3,16,17,19,18,12,11]
11942.387;33131.004;[8,9,12,32,30,29,21,10,14,1,2,4,24,35,38,37,33,18,28,36,31,34,27,22,13,15,6,23,20,26,25,5,3,7,16,19,17,11]
11787.433;30143.996;[17,16,13,8,22,23,28,20,32,30,29,21,10,14,4,1,2,35,38,37,36,31,33,34,27,15,7,3,5,6,25,26,24,9,11,18,12,19]
11787.433;30143.996;[17,16,13,8,22,23,28,20,32,30,29,21,10,14,4,1,2,35,38,37,36,31,33,34,27,15,7,3,5,6,25,26,24,9,11,18,12,19]
11503.367;36961.586;[11,12,9,28,32,30,29,21,10,14,1,2,7,19,15,13,24,23,25,20,35,38,37,33,31,31,34,34,36,27,22,26,18,16,3,4,8,5,6,17]
11503.367;36961.586;[11,12,9,28,32,30,29,21,10,14,1,2,7,19,15,13,24,23,25,20,35,38,37,33,31,31,34,34,36,27,22,26,18,16,3,4,8,5,6,17]
11345.723;33226.81;[8,13,11,19,12,23,30,32,29,21,10,14,1,2,5,15,24,25,20,35,38,37,33,31,31,34,34,36,27,22,26,4,3,6,7,28,16,17,18,9]
11345.723;27521.084;[8,13,11,19,12,23,30,32,29,21,10,14,1,2,5,15,24,25,20,35,38,37,33,31,31,34,34,36,27,22,26,4,3,6,7,28,16,17,18,9]
10732.248;28134.89;[11,17,18,16,28,30,29,21,10,14,1,2,4,24,32,35,38,37,33,31,34,36,27,9,8,6,20,25,23,26,7,3,5,22,15,13,19,12]
10732.248;30743.953;[11,17,18,16,28,30,29,21,10,14,1,2,4,24,32,35,38,37,33,31,34,36,27,9,8,6,20,25,23,26,7,3,5,22,15,13,19,12]
10813.642;30743.953;[3,8,9,19,12,16,28,32,30,29,21,10,14,1,2,4,24,20,15,13,7,6,17,25,23,26,35,38,37,33,31,34,36,27,22,18,11,5]
10813.642;30030.377;[3,8,9,19,12,16,28,32,30,29,21,10,14,1,2,4,24,20,15,13,7,6,17,25,23,26,35,38,37,33,31,34,36,27,22,18,11,5]
10818.001;29178.58;[17,9,12,16,28,32,30,29,21,10,1,14,2,15,23,25,24,35,38,37,33,36,31,34,27,22,20,26,4,3,5,6,7,8,13,19,18,11]
10818.001;30108.848;[17,9,12,16,28,32,30,29,21,10,1,14,2,15,23,25,24,35,38,37,33,36,31,34,27,22,20,26,4,3,5,6,7,8,13,19,18,11]
10727.032;30108.848;[19,18,28,15,22,13,24,32,30,29,21,10,1,14,2,35,38,37,33,36,31,34,27,20,23,25,26,4,3,5,6,7,8,9,11,11,12,16,17]
10727.032;29746.28;[19,18,28,15,22,13,24,32,30,29,21,10,1,14,2,35,38,37,33,36,31,34,27,20,23,25,26,4,3,5,6,7,8,9,11,11,12,16,17]
10732.022;32568.197;[8,3,5,19,12,16,28,32,30,29,21,10,14,1,2,4,24,20,15,13,7,6,25,23,26,35,38,37,33,31,34,36,27,22,9,17,18,11]
10654.124;32997.797;[3,5,19,11,12,16,28,32,30,29,21,10,14,1,2,4,24,20,15,13,7,6,25,23,26,35,38,37,33,31,34,36,27,22,9,17,18,8]
10654.124;32997.797;[3,5,19,11,12,16,28,32,30,29,21,10,14,1,2,4,24,20,15,13,7,6,25,23,26,35,38,37,33,31,34,36,27,22,9,17,18,8]
10878.454;30164.227;[8,19,11,18,12,16,28,32,30,29,21,10,14,1,2,4,24,20,15,13,7,6,25,23,26,35,38,37,33,31,34,36,27,22,9,3,5,17]
10561.954;30164.227;[12,7,15,9,6,22,28,32,30,29,21,10,14,1,2,23,25,26,24,20,35,38,37,33,36,31,34,27,16,4,3,5,13,8,11,18,19,17]
10561.954;27764.176;[12,7,15,9,6,22,28,32,30,29,21,10,14,1,2,23,25,26,24,20,35,38,37,33,36,31,34,27,16,4,3,5,13,8,11,18,19,17]
10659.846;30474.85;[8,12,16,22,25,23,26,20,29,21,10,1,2,4,3,14,32,30,35,38,37,33,31,34,36,27,19,18,24,28,15,13,17,11,7,5,6,9]
10279.981;30474.85;[8,12,18,22,32,30,29,21,10,14,1,2,4,15,13,19,16,17,11,28,24,20,35,38,37,33,36,31,34,27,23,25,26,3,5,7,6,9]
10279.981;27692.91;[8,12,18,22,32,30,29,21,10,14,1,2,4,15,13,19,16,17,11,28,24,20,35,38,37,33,36,31,34,27,23,25,26,3,5,7,6,9]
10612.153;30738.826;[18,8,6,22,32,30,29,21,10,14,1,2,4,15,13,19,16,17,11,28,24,20,35,38,37,33,36,31,34,27,23,25,26,3,5,7,9,12]
10612.153;30738.826;[18,8,6,22,32,30,29,21,10,14,1,2,4,15,13,19,16,17,11,28,24,20,35,38,37,33,36,31,34,27,23,25,26,3,5,7,9,12]
10747.664;28258.297;[12,9,16,28,29,21,10,14,1,2,4,20,15,13,8,3,5,22,7,6,25,23,26,24,32,30,35,38,37,33,31,34,36,27,19,17,18,11]
10931.423;28009.266;[18,12,17,16,28,30,29,21,10,14,1,2,4,24,9,3,5,15,22,32,35,38,37,33,36,31,34,27,20,23,25,26,13,7,6,11,19,8]
10931.423;28009.266;[18,12,17,16,28,30,29,21,10,14,1,2,4,24,9,3,5,15,22,32,35,38,37,33,36,31,34,27,20,23,25,26,13,7,6,11,19,8]
10931.423;30772.168;[18,12,17,16,28,30,29,21,10,14,1,2,4,24,9,3,5,15,22,32,35,38,37,33,36,31,34,27,20,23,25,26,13,7,6,11,19,8]
10859.528;30772.168;[8,22,28,32,30,29,21,10,14,1,2,11,12,19,18,24,20,35,38,37,33,36,31,34,27,23,25,26,4,3,5,6,7,16,15,13,9,17]
10515.599;28065.506;[9,12,16,28,8,30,29,21,10,14,1,2,4,3,5,22,20,15,13,7,6,23,24,25,26,32,35,38,37,33,31,34,36,27,19,17,18,11]
10444.82;29517.742;[11,12,16,28,8,30,29,21,10,14,1,2,4,3,5,22,20,15,13,7,6,23,24,25,26,32,35,38,37,33,31,34,36,27,19,17,18,9]
10444.82;29517.742;[11,12,16,28,8,30,29,21,10,14,1,2,4,3,5,22,20,15,13,7,6,23,24,25,26,32,35,38,37,33,31,34,36,27,19,17,18,9]
10517.667;29423.24;[16,28,32,30,29,21,10,14,1,2,9,4,6,3,5,22,20,15,13,7,8,24,35,38,37,33,36,31,34,27,23,25,26,19,18,17,11,12]
10517.667;29423.24;[16,28,32,30,29,21,10,14,1,2,9,4,6,3,5,22,20,15,13,7,8,24,35,38,37,33,36,31,34,27,23,25,26,19,18,17,11,12]
10587.597;31665.82;[11,12,28,22,32,30,29,21,10,14,1,2,4,13,24,20,35,38,37,33,36,31,34,27,23,25,26,3,5,6,15,7,16,19,18,9,8,17]
10564.29;31665.82;[19,28,32,30,29,21,10,14,1,2,4,3,5,22,20,15,8,13,7,6,25,23,35,38,37,33,31,34,36,27,26,24,12,16,17,18,11,9]
10564.29;28601.752;[19,28,32,30,29,21,10,14,1,2,4,3,5,22,20,15,8,13,7,6,25,23,35,38,37,33,31,34,36,27,26,24,12,16,17,18,11,9]
10597.2;27656.283;[8,9,29,21,10,14,1,2,4,13,15,11,12,19,18,22,20,25,26,23,24,32,30,28,35,38,37,33,36,31,34,27,3,5,6,7,16,17]
10084.205;31109.715;[8,9,32,30,29,21,10,14,1,2,4,3,22,20,15,13,24,25,23,26,35,38,37,31,33,34,36,27,28,5,6,7,16,19,18,11,12,17]
10084.205;31109.715;[8,9,32,30,29,21,10,14,1,2,4,3,22,20,15,13,24,25,23,26,35,38,37,31,33,34,36,27,28,5,6,7,16,19,18,11,12,17]
10084.205;32415.02;[8,9,32,30,29,21,10,14,1,2,4,3,22,20,15,13,24,25,23,26,35,38,37,31,33,34,36,27,28,5,6,7,16,19,18,11,12,17]
10660.166;32415.02;[8,12,28,22,29,21,10,14,1,2,4,13,20,24,32,30,35,38,37,33,36,31,34,27,23,25,26,3,5,6,15,7,16,11,19,18,17,9]
10498.259;26660.12;[18,12,19,17,13,22,29,21,10,14,1,2,20,26,23,32,30,35,38,37,33,36,31,34,27,28,16,7,9,24,25,15,8,5,3,4,6,11]
10498.259;31368.379;[18,12,19,17,13,22,29,21,10,14,1,2,20,26,23,32,30,35,38,37,33,36,31,34,27,28,16,7,9,24,25,15,8,5,3,4,6,11]
10782.6045;31843.383;[18,12,19,17,22,29,21,10,14,1,2,20,13,24,23,26,32,30,35,38,37,33,36,31,34,27,28,16,7,9,25,15,8,5,3,4,6,11]
10703.627;31843.383;[29,21,10,14,1,2,3,20,4,5,9,8,24,26,23,32,30,35,38,37,33,36,31,34,27,28,25,22,15,13,6,7,16,19,12,17,18,11]
10703.627;29791.43;[29,21,10,14,1,2,3,20,4,5,9,8,24,26,23,32,30,35,38,37,33,36,31,34,27,28,25,22,15,13,6,7,16,19,12,17,18,11]
10794.528;28232.098;[9,12,11,16,13,22,29,21,10,14,1,2,20,26,23,32,30,35,38,37,33,36,31,34,27,28,25,8,3,5,4,15,6,7,19,18,24,17]
10794.528;28232.098;[9,12,11,16,13,22,29,21,10,14,1,2,20,26,23,32,30,35,38,37,33,36,31,34,27,28,25,8,3,5,4,15,6,7,19,18,24,17]
10755.627;26816.572;[24,12,11,16,13,22,29,21,10,14,1,2,20,26,23,32,30,35,38,37,33,36,31,34,27,28,25,8,3,5,4,15,6,7,17,18,19,9]
9584.617;28643.865;[32,29,21,10,14,1,2,4,3,9,8,16,19,18,15,13,24,25,23,26,35,38,37,31,33,34,36,27,28,5,6,7,12,11,17,22,20,30]
9584.617;29911.191;[32,29,21,10,14,1,2,4,3,9,8,16,19,18,15,13,24,25,23,26,35,38,37,31,33,34,36,27,28,5,6,7,12,11,17,22,20,30]
10370.74;29911.191;[6,9,17,35,32,30,29,21,10,14,1,2,4,3,5,20,15,8,24,26,23,38,37,33,36,31,34,27,28,25,22,13,16,19,18,11,12,7]
10028.327;28094.719;[16,24,25,29,21,10,14,1,2,20,26,23,32,30,35,38,37,33,36,31,34,27,28,19,22,8,15,13,11,12,4,3,5,6,7,9,18,17]
10010.326;27829.771;[16,13,22,29,21,10,14,1,2,4,24,15,20,26,23,32,30,35,38,37,33,36,31,34,27,28,25,8,3,5,6,7,9,18,12,11,17,19]
10010.326;27829.771;[16,13,22,29,21,10,14,1,2,4,24,15,20,26,23,32,30,35,38,37,33,36,31,34,27,28,25,8,3,5,6,7,9,18,12,11,17,19]
10025.779;29653.984;[17,13,22,29,21,10,14,1,2,4,24,15,20,26,23,32,30,35,38,37,33,36,31,34,27,28,25,8,3,5,6,7,9,18,12,11,16,19]
10025.779;29653.984;[17,13,22,29,21,10,14,1,2,4,24,15,20,26,23,32,30,35,38,37,33,36,31,34,27,28,25,8,3,5,6,7,9,18,12,11,16,19]
10025.779;28825.36;[17,13,22,29,21,10,14,1,2,4,24,15,20,26,23,32,30,35,38,37,33,36,31,34,27,28,25,8,3,5,6,7,9,18,12,11,16,19]
10025.779;27972.918;[17,13,22,29,21,10,14,1,2,4,24,15,20,26,23,32,30,35,38,37,33,36,31,34,27,28,25,8,3,5,6,7,9,18,12,11,16,19]
10103.762;29832.371;[29,21,10,14,1,2,4,3,5,15,7,6,13,23,20,26,25,32,30,35,38,37,33,36,31,34,27,28,8,8,18,17,19,16,12,22,24,11,9]
10103.762;29832.371;[29,21,10,14,1,2,4,3,5,15,7,6,13,23,20,26,25,32,30,35,38,37,33,36,31,34,27,28,8,8,18,17,19,16,12,22,24,11,9]
10103.762;25450.027;[29,21,10,14,1,2,4,3,5,15,7,6,13,23,20,26,25,32,30,35,38,37,33,36,31,34,27,28,8,8,18,17,19,16,12,22,24,11,9]
10011.152;27324.416;[29,21,10,14,1,2,4,3,5,15,7,6,13,23,20,26,25,32,30,35,38,37,33,36,31,34,27,28,8,8,16,22,9,18,12,11,17,19,24]
10011.152;27324.416;[29,21,10,14,1,2,4,3,5,15,7,6,13,23,20,26,25,32,30,35,38,37,33,36,31,34,27,28,8,8,16,22,9,18,12,11,17,19,24]
10034.059;25020.008;[29,21,10,14,1,2,4,3,5,15,7,6,13,23,20,26,25,32,30,35,38,37,33,36,31,34,27,28,8,8,16,22,9,18,12,11,19,17,24]
9623.564;29802.057;[29,21,10,14,1,2,4,3,5,7,6,15,13,23,20,26,25,32,30,35,38,37,33,36,31,34,27,28,8,8,16,22,9,18,12,11,19,17,24]
9623.564;29802.057;[29,21,10,14,1,2,4,3,5,7,6,15,13,23,20,26,25,32,30,35,38,37,33,36,31,34,27,28,8,8,16,22,9,18,12,11,19,17,24]
9724.065;29812.838;[16,29,21,10,14,1,2,4,20,26,32,30,35,38,37,33,36,34,31,27,28,22,24,13,15,23,25,8,3,5,6,7,9,18,12,11,17,19]
9676.21;29812.838;[29,21,10,14,1,2,4,3,5,7,6,15,13,23,20,26,25,32,30,35,38,37,33,36,31,34,27,28,8,8,12,22,9,16,19,18,11,17,24]
9676.21;29267.459;[29,21,10,14,1,2,4,3,5,7,6,15,13,23,20,26,25,32,30,35,38,37,33,36,31,34,27,28,8,8,12,22,9,16,19,18,11,17,24]
9676.21;29267.459;[29,21,10,14,1,2,4,3,5,7,6,15,13,23,20,26,25,32,30,35,38,37,33,36,31,34,27,28,8,8,12,22,9,16,19,18,11,17,24]
9659.402;27280.86;[29,21,10,14,1,2,4,3,5,7,6,15,13,23,20,26,25,32,30,35,38,37,33,36,31,34,27,28,8,8,12,22,9,16,11,19,17,18,24]
9571.68;26092.656;[29,21,10,14,1,2,4,3,5,7,6,15,13,8,22,24,18,16,9,23,20,26,25,32,30,35,38,37,33,36,31,34,27,28,17,19,12,11]
9264.218;26092.656;[29,21,10,14,1,2,4,3,5,7,6,15,13,8,8,24,23,20,26,25,32,30,35,38,37,33,36,31,34,27,28,22,18,16,9,12,11,17,19]
8824.781;25354.188;[29,21,10,14,1,2,4,3,5,6,7,15,13,8,8,9,20,24,22,23,25,26,32,30,35,38,37,33,36,31,34,27,28,16,18,12,11,19,17]
8808.093;25354.188;[29,21,10,14,1,2,4,3,5,7,6,15,13,8,8,9,20,24,22,23,25,26,32,30,35,38,37,33,36,31,34,27,28,16,18,12,11,19,17]
8808.093;26349.125;[29,21,10,14,1,2,4,3,5,7,6,15,13,8,8,9,20,24,22,23,25,26,32,30,35,38,37,33,36,31,34,27,28,16,18,12,11,19,17]
8808.093;26349.125;[29,21,10,14,1,2,4,3,5,7,6,15,13,8,8,9,20,24,22,23,25,26,32,30,35,38,37,33,36,31,34,27,28,16,18,12,11,19,17]
8804.371;25860.107;[29,21,10,14,1,2,4,3,5,6,7,15,13,8,8,9,20,24,22,23,25,26,32,30,35,38,37,33,36,31,34,27,28,16,18,12,11,17,19]
8766.786;25855.55;[29,21,14,10,1,2,4,3,5,7,6,15,13,8,8,9,20,24,22,26,25,23,32,30,35,38,37,33,36,31,34,27,28,16,17,12,11,19,18]
8705.86;25855.55;[29,21,10,14,1,2,4,3,5,7,6,15,13,20,23,26,25,32,30,35,38,37,33,36,31,34,27,28,22,24,8,9,19,18,11,12,16,16,17]
8571.86;20143.256;[29,21,10,14,1,2,4,3,5,7,6,15,13,8,8,9,20,24,22,23,25,26,30,32,35,38,37,33,36,31,34,27,28,18,17,19,16,12,11]
8571.86;25639.035;[29,21,10,14,1,2,4,3,5,7,6,15,13,8,8,9,20,24,22,23,25,26,30,32,35,38,37,33,36,31,34,27,28,18,17,19,16,12,11]
8571.86;25639.035;[29,21,10,14,1,2,4,3,5,7,6,15,13,8,9,20,24,22,23,25,26,30,32,35,38,37,33,36,31,34,27,28,18,17,19,16,12,11]
8516.606;21455.973;[29,21,10,14,1,2,4,3,5,7,6,15,13,20,23,26,25,30,32,35,38,37,33,36,31,34,27,28,22,24,8,9,19,18,11,12,16,16,17]
8411.558;21477.865;[29,21,10,14,1,2,4,3,5,7,6,15,13,24,22,26,23,20,25,30,32,35,38,37,33,36,31,34,27,28,18,17,19,16,12,11,8,9]
8411.558;25741.734;[29,21,10,14,1,2,4,3,5,7,6,15,13,24,22,26,23,20,25,30,32,35,38,37,33,36,31,34,27,28,18,17,19,16,12,11,8,9]
8411.558;25741.734;[29,21,10,14,1,2,4,3,5,7,6,15,13,24,22,26,23,20,25,30,32,35,38,37,33,36,31,34,27,28,18,17,19,16,12,11,8,9]
8442.365;21561.78;[29,21,10,14,1,2,4,3,5,7,6,15,13,20,23,26,25,30,32,35,38,37,33,36,31,34,27,28,22,24,8,9,11,12,18,16,16,19,17]
8397.706;21561.78;[29,21,10,14,1,2,4,3,5,7,6,15,13,20,23,26,25,30,32,35,38,37,33,36,31,34,27,28,22,24,8,9,11,12,17,18,19,16]
8397.706;21063.992;[29,21,10,14,1,2,4,3,5,7,6,15,13,20,23,26,25,30,32,35,38,37,33,36,31,34,27,28,22,24,8,9,11,12,17,18,19,16]
8397.706;20781.916;[29,21,10,14,1,2,4,3,5,7,6,15,13,20,23,26,25,30,32,35,38,37,33,36,31,34,27,28,22,24,8,9,11,12,17,18,19,16]
8378.364;19951.723;[29,21,10,14,1,2,4,3,5,7,6,13,15,20,23,26,25,30,32,35,38,37,33,36,31,34,27,28,22,24,8,9,11,12,18,16,17,19]
8291.05;19951.723;[29,21,14,10,1,2,4,3,5,7,6,15,13,20,23,25,26,30,32,35,38,37,33,36,31,34,27,28,22,24,8,8,9,11,12,19,17,16,18]
8286.19;17862.246;[29,21,14,10,1,2,4,3,5,7,6,15,13,20,23,25,26,30,32,35,38,37,33,36,31,34,27,28,22,24,8,9,11,12,18,17,19,16]
8286.19;18559.643;[29,21,14,10,1,2,4,3,5,7,6,15,13,20,23,25,26,30,32,35,38,37,33,36,31,34,27,28,22,24,8,9,11,12,18,17,19,16]
8278.976;20316.074;[29,21,14,10,1,2,4,3,5,7,6,15,13,8,9,24,22,20,23,25,26,30,32,35,38,37,33,36,31,34,27,28,19,18,11,12,16,17]
8260.768;20316.074;[29,21,14,10,1,2,4,3,5,7,6,15,13,8,9,24,22,20,23,25,26,30,32,35,38,37,33,36,31,34,27,28,19,18,17,16,11,12]
8260.768;18913.36;[29,21,14,10,1,2,4,3,5,7,6,15,13,8,8,9,24,22,20,23,25,26,30,32,35,38,37,33,36,31,34,27,28,19,18,17,16,11,12]
8107.432;19756.684;[29,21,14,10,1,2,4,3,5,7,6,15,13,8,8,9,20,24,22,23,25,26,30,32,35,37,38,33,34,36,31,27,28,11,12,16,16,18,17,19]
8107.432;19756.684;[29,21,14,10,1,2,4,3,5,7,6,15,13,8,8,9,20,24,22,23,25,26,30,32,35,37,38,33,34,36,31,27,28,11,12,16,16,18,17,19]
8107.432;18753.264;[29,21,14,10,1,2,4,3,5,7,6,15,13,8,8,9,20,24,22,23,25,26,30,32,35,37,38,33,34,36,31,27,28,11,12,16,16,18,17,19]
8086.0864;17484.498;[29,21,14,10,1,2,4,3,5,7,6,15,13,8,8,9,20,24,22,23,25,26,30,32,35,37,38,33,34,36,31,27,28,19,18,11,12,16,16,17]
7920.7114;18531.07;[29,21,14,10,1,2,4,3,5,7,6,15,13,8,9,24,22,20,23,25,26,30,32,35,37,38,33,34,36,31,27,28,11,12,16,16,18,17,19]
7920.7114;18546.674;[29,21,14,10,1,2,4,3,5,7,6,15,13,8,9,24,22,20,23,25,26,30,32,35,37,38,33,34,36,31,27,28,11,12,16,16,18,17,19]
7876.0654;21146.523;[29,21,14,10,1,2,4,3,5,7,6,15,13,8,9,24,22,20,23,25,26,30,32,35,37,38,33,34,36,31,27,28,19,18,17,11,12,16]
7876.0654;21146.523;[29,21,14,10,1,2,4,3,5,7,6,15,13,8,9,24,22,20,23,25,26,30,32,35,37,38,33,34,36,31,27,28,19,18,17,11,12,16]
7876.0654;19961.326;[29,21,14,10,1,2,4,3,5,7,6,15,13,8,9,24,22,20,23,25,26,30,32,35,37,38,33,34,36,31,27,28,19,18,17,11,12,16,16]
7876.0654;18072.793;[29,21,14,10,1,2,4,3,5,7,6,15,13,8,9,24,22,20,23,25,26,30,32,35,37,38,33,34,36,31,27,28,19,18,17,11,12,16]
7876.0654;18370.879;[29,21,14,10,1,2,4,3,5,7,6,15,13,8,8,9,24,22,20,23,25,26,30,32,35,37,38,33,34,36,31,27,28,19,18,17,11,12,16]
7876.0654;18370.879;[29,21,14,10,1,2,4,3,5,7,6,15,13,8,9,24,22,20,23,25,26,30,32,35,37,38,33,34,36,31,27,28,19,18,17,11,12,16]
7876.0654;17175.59;[29,21,14,10,1,2,4,3,5,7,6,15,13,8,9,24,22,20,23,25,26,30,32,35,37,38,33,34,36,31,27,28,19,18,17,11,12,16,16]
7876.0654;17175.59;[29,21,14,10,1,2,4,3,5,7,6,15,13,8,9,24,22,20,23,25,26,30,32,35,37,38,33,34,36,31,27,28,19,18,17,11,12,16,16]
7876.0654;16959.863;[29,21,14,10,1,2,4,3,5,7,6,15,13,8,9,24,22,20,23,25,26,30,32,35,37,38,33,34,34,36,31,27,28,19,18,17,11,12,16,16]
7876.0654;16959.863;[29,21,14,10,1,2,4,3,5,7,6,15,13,8,9,24,22,20,23,25,26,30,32,35,37,38,33,34,34,36,31,27,28,19,18,17,11,12,16]
7876.0654;16707.316;[29,21,14,10,1,2,4,3,5,7,6,15,13,8,9,24,22,20,23,25,26,30,32,35,37,38,33,34,36,31,27,28,19,18,17,11,12,16]
7876.0654;31133.4;[29,21,14,10,1,2,4,3,5,7,6,15,13,8,9,24,22,20,23,25,26,30,32,35,37,38,33,34,36,31,27,28,19,18,17,11,12,16]
7876.0654;31133.4;[29,21,14,10,1,2,4,3,5,7,6,15,13,8,9,24,22,20,23,25,26,30,32,35,37,38,33,34,36,31,27,28,19,18,17,11,12,16,16]
7876.0654;24616.148;[29,21,14,10,1,2,4,3,5,7,6,15,13,8,9,24,22,20,23,25,26,30,32,35,37,38,33,34,36,31,27,28,19,18,17,11,12,16,16]
7876.0654;22771.06;[29,21,14,10,1,2,4,3,5,7,6,15,13,8,9,24,22,20,23,25,26,30,32,35,37,38,33,34,36,31,27,28,19,18,17,11,12,16,16]
7876.0654;22771.06;[29,21,14,10,1,2,4,3,5,7,6,15,13,8,9,24,22,20,23,25,26,30,32,35,37,38,33,34,36,31,27,28,19,18,17,11,12,16,16]
7876.0654;20417.27;[29,21,14,10,1,2,4,3,5,7,6,15,13,8,9,24,22,20,23,25,26,30,32,35,37,38,33,34,36,31,27,28,19,18,17,11,12,16,16]
7876.0654;27946.281;[29,21,14,10,1,2,4,3,5,7,6,15,13,8,9,24,22,20,23,25,26,30,32,35,37,38,33,34,36,31,27,28,19,18,17,11,12,16]
7876.0654;27946.281;[29,21,14,10,1,2,4,3,5,7,6,15,13,8,9,24,22,20,23,25,26,30,32,35,37,38,33,34,36,31,27,28,19,18,17,11,12,16]
7876.0654;23002.28;[29,21,14,10,1,2,4,3,5,7,6,15,13,8,9,24,22,20,23,25,26,30,32,35,37,38,33,34,36,31,27,28,19,18,17,11,12,16]
7876.0654;21171.512;[29,21,14,10,1,2,4,3,5,7,6,15,13,8,9,24,22,20,23,25,26,30,32,35,37,38,33,34,36,31,27,28,19,18,17,11,12,16,16]
7867.1416;17528.328;[29,21,14,10,1,2,4,3,5,7,6,15,13,8,8,9,9,24,23,25,26,30,32,35,37,38,33,34,36,31,27,28,19,18,17,11,12,16,22,20]
7763.5483;16114.514;[29,21,14,10,1,2,4,3,5,7,6,8,9,15,13,24,22,20,23,25,26,30,32,35,37,38,33,34,36,31,27,28,19,18,17,11,12,16]
7763.5483;16751.459;[29,21,14,10,1,2,4,3,5,7,6,8,9,15,13,24,22,20,23,25,26,30,32,35,37,38,33,34,36,31,27,28,19,18,17,11,12,16]
7729.216;17434.412;[29,21,14,10,1,2,4,3,3,5,5,7,6,15,13,8,9,20,23,25,26,30,32,35,37,38,33,34,36,31,27,28,19,18,17,11,12,16,24,22]
7729.216;17434.412;[29,21,14,10,1,2,4,3,3,5,5,7,6,15,13,8,9,20,23,25,26,30,32,35,37,38,33,34,36,31,27,28,19,18,17,11,12,16,24,22]
7729.216;17469.55;[29,21,14,10,1,2,4,3,3,5,5,7,6,15,13,8,9,20,23,25,26,30,32,35,37,38,33,34,36,31,27,28,19,18,17,11,12,16,24,22]
7869.195;17469.55;[29,21,14,10,1,2,4,3,5,7,6,15,13,8,9,9,24,22,20,23,26,30,32,35,37,38,33,34,36,31,27,28,19,18,17,11,12,16,25]
7869.195;17624.926;[29,21,14,10,1,2,4,3,5,7,6,15,13,8,9,9,24,22,20,23,26,30,32,35,37,38,33,34,36,31,27,28,19,18,17,11,12,16,25]
7876.0654;17624.926;[29,21,14,10,1,2,4,3,5,7,6,15,13,8,9,24,22,20,23,25,26,30,32,35,37,38,33,34,36,31,27,28,19,18,17,11,12,12,16,16]
7876.0654;28614.254;[29,21,14,10,1,2,4,3,5,7,6,15,13,8,9,24,22,20,23,25,26,30,32,35,37,38,33,34,36,31,27,28,19,18,17,11,12,16,16]
7729.216;22729.873;[29,29,21,21,14,10,1,2,4,3,5,7,6,15,13,8,9,20,23,25,26,30,32,35,35,35,35,37,37,38,33,34,36,31,27,28,19,18,17,11,12,16,24,22]
7729.216;20160.322;[29,29,21,21,14,10,1,2,4,3,5,7,6,15,13,8,9,20,23,25,26,30,32,35,35,35,35,37,37,38,33,34,36,31,27,28,19,18,17,11,12,16,24,22]
7876.0654;19558.822;[29,21,14,10,1,2,4,3,5,7,6,15,13,8,9,24,22,20,23,25,26,30,32,35,37,38,33,34,36,31,27,28,19,18,17,11,12,16,16]
7876.0654;17757.244;[29,21,14,10,1,2,4,3,5,7,6,15,13,8,9,24,22,20,23,23,25,25,26,30,32,35,37,38,33,34,36,31,27,28,19,18,17,11,12,16]
7876.0654;25160.502;[29,21,14,10,10,1,1,2,4,3,5,7,6,15,13,8,9,24,22,20,23,25,26,30,32,35,35,37,38,33,34,36,31,27,28,19,18,17,11,12,16]
7876.0654;24736.385;[29,21,14,10,1,2,4,3,5,7,6,15,13,8,9,24,22,20,23,25,26,30,32,35,37,38,33,34,36,31,27,28,19,18,17,11,12,16]
7876.0654;20841.637;[29,21,14,10,1,2,4,3,5,7,6,15,13,8,9,24,22,20,23,25,26,30,32,35,37,38,33,34,36,31,27,28,19,18,17,11,12,16]
7876.0654;18674.973;[29,21,14,10,1,2,4,3,5,7,6,15,13,8,9,24,22,20,23,25,26,30,32,35,37,38,33,34,36,31,27,28,19,18,17,11,12,16]
7876.0654;17945.014;[29,21,14,10,1,2,4,3,5,7,6,15,13,8,9,24,22,20,23,25,26,30,32,35,37,38,33,34,36,31,27,28,19,18,17,11,11,12,16,16]
7800.534;17953.186;[29,21,14,10,1,2,4,3,5,7,6,15,13,8,9,24,22,20,23,25,26,30,30,32,35,37,38,33,34,36,31,27,19,18,17,11,12,16,28]
7800.534;17953.186;[29,21,14,10,1,2,4,3,5,7,6,15,13,8,9,24,22,20,23,25,26,30,30,32,35,37,38,33,34,36,31,27,19,18,17,11,12,16,28]
7800.534;17587.254;[29,21,14,10,1,2,4,3,5,7,6,15,13,8,9,24,22,20,23,25,26,30,30,32,35,37,38,33,34,36,31,27,19,18,17,11,12,16,28]
7800.534;17757.244;[29,21,14,10,1,2,4,3,5,7,6,15,13,8,9,24,22,20,23,25,26,30,30,32,35,37,38,33,34,36,31,27,19,18,17,11,12,16,28]
7800.534;17757.244;[29,21,14,10,1,2,4,3,5,7,6,15,13,8,9,24,22,20,23,25,26,30,30,32,35,37,38,33,34,36,31,27,19,18,17,11,12,16,28]
7800.534;17102.385;[29,21,14,10,1,2,4,3,5,7,6,15,13,8,9,24,22,20,23,25,26,30,32,35,37,38,33,34,36,31,27,19,18,17,11,12,16,28]
7800.534;19691.75;[29,21,14,10,1,2,4,3,5,7,6,15,13,8,9,24,22,20,23,25,26,30,30,32,35,37,38,33,34,36,31,27,19,18,17,11,12,16,28]
7800.534;21248.023;[29,21,14,10,1,2,4,3,5,7,6,15,13,8,9,24,22,20,23,25,26,30,32,35,37,38,33,34,36,31,27,19,18,17,11,12,16,28]
7800.534;21248.023;[29,21,14,10,1,2,4,3,5,7,6,15,13,8,9,24,22,20,23,25,26,30,32,35,37,38,33,33,34,34,36,31,27,19,18,17,11,12,16,28]
7800.534;20264.582;[29,21,14,10,1,2,4,3,5,7,6,15,13,8,9,24,22,20,23,25,26,30,32,35,37,37,38,38,33,34,36,31,27,19,18,17,11,12,16,28]
7800.534;20264.582;[29,21,14,10,1,2,4,3,5,7,6,15,13,8,9,24,22,20,23,25,26,30,32,35,37,37,38,38,33,34,36,31,27,19,18,17,11,12,16,28]
7800.534;16485.96;[29,21,14,10,1,2,4,3,5,7,6,15,13,8,9,24,22,20,23,25,26,30,32,35,37,37,38,38,33,34,36,31,27,19,18,17,11,12,16,28]
7800.534;26803.55;[29,21,14,10,1,2,4,3,5,7,6,15,13,8,9,24,22,20,23,25,26,30,32,35,37,38,33,34,36,31,27,19,18,17,11,12,16,28]
7796.546;23446.205;[29,21,14,10,1,2,4,3,5,7,6,15,13,8,9,24,22,20,23,25,26,30,32,35,37,38,33,34,36,31,27,11,12,19,18,17,16,28]
7796.546;21844.627;[29,21,14,10,1,2,4,3,5,7,6,15,13,8,9,24,22,20,23,25,26,30,32,35,37,38,33,34,36,31,27,11,12,19,18,17,16,28]
7796.546;21063.68;[29,21,14,10,1,2,4,3,5,7,6,15,13,8,9,24,22,20,23,25,26,30,32,35,37,38,33,34,36,31,27,11,12,19,18,17,16,28]
7796.546;18745.361;[29,21,14,10,1,2,4,3,5,7,6,15,13,8,9,24,22,20,23,25,26,30,32,35,37,38,33,34,36,31,27,11,12,19,18,17,16,28]
7796.546;17933.252;[29,21,14,10,1,2,4,3,5,7,6,15,13,8,9,24,22,20,23,25,26,30,32,35,37,38,33,34,36,31,27,11,12,19,18,17,16,28]
7796.546;22968.463;[29,21,14,10,1,2,4,3,5,7,6,15,13,8,9,24,22,20,23,25,26,30,32,35,37,38,33,34,36,31,27,11,12,19,18,17,16,28]
7796.546;22968.463;[29,21,14,10,1,2,4,3,5,7,6,15,13,8,9,24,22,20,23,25,26,30,32,35,37,38,33,34,36,31,27,11,12,19,18,17,16,28]
7796.546;17614.299;[29,21,14,10,1,2,4,3,5,7,6,15,13,8,9,24,22,20,23,25,26,30,32,35,37,38,33,34,36,31,27,11,12,19,18,17,16,28]
7796.546;17614.299;[29,21,14,10,1,2,4,3,5,7,6,15,13,8,9,24,22,20,23,25,26,30,32,35,37,38,33,34,36,31,27,11,12,19,18,17,16,28]
7796.546;16273.826;[29,21,14,10,1,2,4,3,5,7,6,15,13,8,9,24,22,20,23,25,26,30,32,35,37,38,33,34,36,31,27,11,12,19,18,17,16,28]
7796.546;17084.455;[29,21,14,10,1,2,4,3,5,7,6,15,13,8,9,24,22,20,23,25,26,30,32,35,37,38,33,34,36,31,27,11,12,19,18,17,16,28]
7778.692;17084.455;[29,21,14,10,1,2,4,3,5,7,6,15,13,8,9,24,22,20,23,25,26,30,32,35,37,38,33,34,36,31,27,11,12,16,19,18,17,28]
7778.692;16574.61;[29,21,14,10,1,2,4,3,5,7,6,15,13,8,9,24,22,20,23,25,26,30,32,35,37,38,33,34,36,31,27,11,12,16,19,18,17,28]
7778.692;16574.61;[29,21,14,10,1,2,4,3,5,7,6,15,13,8,9,24,22,20,23,25,26,30,32,35,37,38,33,34,36,31,27,11,12,16,19,18,17,28]
7778.692;17168.666;[29,21,14,10,1,2,4,3,5,7,6,15,13,8,9,24,22,20,23,25,26,30,32,35,37,38,33,34,36,31,27,11,12,16,19,18,17,28]
7778.692;17168.666;[29,21,14,10,1,2,4,3,5,7,6,15,13,8,9,24,22,20,23,25,26,30,32,35,37,38,33,34,36,31,27,11,12,16,19,18,17,28]
7778.692;17242.248;[29,21,14,10,1,2,4,3,5,7,6,15,13,8,9,24,22,20,23,25,26,30,32,35,37,38,33,34,36,31,27,11,12,16,19,18,17,28]
7778.692;17242.248;[29,21,14,10,1,2,4,3,5,7,6,15,13,8,9,24,22,20,23,25,26,30,32,35,37,38,33,34,36,31,27,11,12,16,19,18,17,28]
7778.692;16752.537;[29,21,14,10,1,2,4,3,5,7,6,15,13,8,9,24,22,20,23,25,26,30,32,35,37,38,33,34,36,31,27,11,12,16,19,18,17,28]
7778.692;16752.537;[29,21,14,10,1,2,4,3,5,7,6,15,13,8,9,24,22,20,23,25,26,30,32,35,37,38,33,34,36,31,27,11,12,16,19,18,17,28]
7757.7407;17257.992;[29,21,14,10,1,2,4,3,5,7,6,15,13,8,9,24,22,20,23,25,26,30,32,35,37,38,33,34,36,31,27,11,12,16,17,19,18,28,28]
7757.7407;17257.992;[29,21,14,10,1,2,4,3,5,7,6,15,13,8,9,24,22,20,23,25,26,30,32,35,37,38,33,34,36,31,27,11,12,16,17,19,18,28]
7757.7407;14924.123;[29,21,14,10,1,2,4,3,5,7,6,15,13,8,9,24,22,20,23,25,26,30,32,35,37,38,33,34,36,31,27,11,12,16,17,19,18,28]
7757.7407;16687.621;[29,21,14,10,1,2,4,3,5,7,6,15,13,8,9,24,22,20,23,25,26,30,30,32,35,37,38,33,34,36,31,27,11,12,16,17,19,18,28]
7757.7407;16687.621;[29,21,14,10,1,2,4,3,5,7,6,15,13,8,9,24,22,20,23,25,26,30,30,32,35,37,38,33,34,36,31,27,11,12,16,17,19,18,28]
7757.7407;17102.72;[29,21,14,10,1,2,4,3,5,7,6,15,13,8,9,24,22,20,23,25,26,30,30,32,35,37,38,33,34,36,31,27,11,12,16,17,19,18,28]
7757.7407;17235.332;[29,21,14,10,1,2,4,3,5,7,6,15,13,8,9,24,22,20,23,25,26,30,32,35,37,38,33,34,36,31,27,11,12,16,17,19,18,28]
7757.7407;17235.332;[29,21,14,10,1,2,4,3,5,7,6,15,13,8,9,24,22,20,23,25,26,30,32,35,37,38,33,34,36,31,27,11,12,16,17,19,18,28]
7748.755;17307.674;[29,21,14,10,1,2,4,3,5,7,6,15,13,8,9,24,22,20,23,25,26,30,32,35,37,38,33,34,36,31,27,11,12,16,17,18,19,28]
7748.755;17307.674;[29,21,14,10,1,2,4,3,5,7,6,15,13,8,9,24,22,20,23,25,26,30,32,35,37,38,33,34,36,31,27,11,12,16,17,18,19,28]
7748.755;16470.455;[29,21,14,10,1,2,4,3,5,7,6,15,13,8,9,24,22,20,23,25,26,30,32,35,37,38,33,34,36,31,27,11,12,16,17,18,19,28]
7748.755;16805.938;[29,21,14,10,1,2,4,3,5,7,6,15,13,8,9,24,22,20,23,25,26,30,32,35,37,38,33,34,36,31,27,11,12,16,17,18,19,28,28]
7748.755;17059.06;[29,21,14,10,1,2,4,3,5,7,6,15,13,8,9,24,22,20,23,25,26,30,32,35,37,38,33,34,36,31,27,11,12,16,17,18,19,28]
7748.755;17059.06;[29,21,14,10,1,2,4,3,5,7,6,15,13,8,9,24,22,20,23,25,26,30,32,35,37,38,33,34,36,31,27,11,12,16,17,18,19,28]
7748.755;16313.172;[29,21,14,10,1,2,4,3,5,7,6,15,13,8,9,24,22,20,23,25,26,30,32,35,37,38,33,34,36,31,27,11,12,16,17,18,19,28]
7748.755;17129.861;[29,21,14,10,1,2,4,3,5,7,6,15,13,8,9,24,22,20,23,25,26,30,32,35,37,38,33,34,36,31,27,11,12,16,17,18,19,28]
7748.755;17129.861;[29,21,14,10,1,2,4,3,5,7,6,15,13,8,9,24,22,20,23,25,26,30,32,35,37,38,33,34,36,31,27,11,12,16,17,18,19,28]
7748.755;27223.416;[29,21,14,10,1,2,4,3,5,7,6,6,15,15,13,8,9,24,22,20,23,25,26,30,32,35,37,38,33,34,36,31,27,11,12,16,17,18,19,28]
7748.755;27223.416;[29,21,14,10,1,2,4,3,5,7,6,6,15,15,13,8,9,24,22,20,23,25,26,30,32,35,37,38,33,34,36,31,27,11,12,16,17,18,19,19,28,28]
7748.755;24844.072;[29,21,14,10,1,2,4,3,5,7,6,6,15,15,13,8,9,24,22,20,23,25,26,30,32,35,37,38,33,34,36,31,27,11,12,16,17,18,19,28,28]
7748.755;18746.209;[29,21,14,10,1,2,4,3,5,7,6,6,15,15,13,8,9,24,22,20,23,25,26,30,32,35,37,38,33,34,36,31,27,11,12,16,17,18,19,28]
7748.755;17183.742;[29,21,14,10,1,2,4,3,5,7,6,6,15,15,13,8,9,24,22,20,23,25,26,30,32,35,37,38,33,34,36,31,27,11,12,16,17,18,19,28]
7748.755;17183.742;[29,21,14,10,1,2,4,3,5,7,6,15,13,8,9,24,22,20,23,25,26,30,32,35,37,38,33,34,36,31,27,11,12,16,17,18,19,28]
7748.755;26847.006;[29,21,14,10,1,2,4,3,5,7,6,15,13,8,9,24,22,20,23,25,26,30,32,35,37,38,33,34,36,31,27,11,12,16,17,18,19,28]
7748.755;21847.777;[29,21,14,10,1,2,4,3,5,7,6,15,13,8,9,24,22,20,23,25,26,30,32,35,37,38,33,34,36,31,27,11,12,16,17,18,19,28]
7748.755;21847.777;[29,21,14,10,1,2,4,3,5,7,6,15,13,8,9,24,22,20,23,23,25,26,30,32,35,37,38,33,34,36,31,27,11,12,16,17,18,19,28]
7748.755;20872.479;[29,21,14,10,1,2,4,3,5,7,6,15,13,8,9,24,22,20,23,25,26,30,32,35,37,38,33,34,36,31,27,11,12,16,17,18,19,28]
7748.755;21933.848;[29,21,14,10,1,2,4,3,5,7,6,15,13,8,9,24,22,20,23,25,26,30,32,35,37,38,33,34,36,31,27,11,12,16,17,18,19,28]
7748.755;21933.848;[29,21,14,10,1,2,4,3,5,7,6,15,13,8,9,24,22,20,23,25,26,30,32,35,37,37,38,38,33,34,36,31,27,11,12,16,17,18,19,28]
7748.755;30302.715;[29,21,14,10,1,2,4,3,5,7,6,15,13,8,9,24,22,20,23,25,26,30,32,35,37,38,33,34,36,36,31,31,27,11,12,16,17,18,19,28]
7748.755;25497.148;[29,21,14,10,1,2,4,3,5,7,6,15,13,8,9,24,22,20,23,25,26,30,32,35,37,38,33,34,36,31,27,11,12,16,17,18,19,28]
7748.755;21657.016;[29,21,14,10,1,2,4,3,5,7,6,15,13,8,9,24,22,20,23,25,26,30,32,35,37,38,33,34,36,31,27,11,12,16,17,18,19,28]
7748.755;20299.906;[29,21,14,10,1,2,4,3,5,7,6,15,13,8,9,24,22,20,23,25,26,30,32,35,37,38,33,34,36,31,27,11,12,16,17,18,19,28]
7748.755;20299.906;[29,21,14,10,1,2,4,3,5,7,6,15,13,8,9,24,22,20,23,25,26,30,32,35,37,38,33,34,36,31,27,11,12,16,17,18,19,28]
7748.755;18645.307;[29,21,14,10,1,2,4,3,5,7,6,15,13,8,9,24,22,20,23,25,26,30,32,35,37,38,33,34,36,31,27,11,12,16,17,18,19,28]
7748.755;29212.734;[29,21,14,10,1,2,4,3,5,7,6,15,13,8,9,24,22,20,23,25,26,30,32,35,37,38,33,34,36,31,27,11,12,12,16,17,18,19,28]
7748.755;29212.734;[29,21,14,10,1,2,4,3,5,7,6,15,13,8,9,24,22,20,23,25,26,30,32,35,37,38,33,34,36,31,27,11,12,12,16,17,18,19,28]
7748.755;22517.275;[29,21,14,10,1,2,4,3,5,7,6,15,13,8,9,24,22,20,23,25,26,30,32,35,37,38,33,34,36,31,27,11,12,16,17,18,19,28]
7748.755;22517.275;[29,21,14,10,1,2,4,3,5,7,6,15,13,8,9,24,22,20,23,25,26,30,32,35,37,38,33,34,36,31,27,11,12,16,17,17,18,18,19,19,28]
7748.755;21007.66;[29,21,14,10,1,2,4,3,5,7,6,15,13,8,9,24,22,20,23,25,26,30,32,35,37,38,33,34,36,31,27,11,12,16,17,17,18,18,19,19,28]
7748.755;17719.742;[29,21,14,10,1,2,4,3,5,7,6,15,13,8,9,24,22,20,23,25,26,30,32,35,37,38,33,34,36,31,27,11,12,16,17,17,18,18,19,28]
7748.755;16796.951;[29,21,14,10,1,2,4,3,5,7,6,15,13,8,9,24,22,20,23,25,26,30,32,35,37,38,33,34,36,31,27,11,12,16,17,17,18,19,28]
7748.755;32633.277;[29,21,14,10,1,2,4,3,5,7,6,15,15,13,13,8,9,24,22,20,23,25,26,30,32,35,37,38,33,34,36,31,27,11,12,16,17,18,19,28]
7748.755;32633.277;[29,21,14,10,1,2,4,3,5,7,6,15,13,8,9,24,22,20,23,25,26,30,32,35,37,38,33,34,36,31,27,11,12,16,17,18,19,28]
7748.755;20406.055;[29,21,14,10,1,2,4,3,5,7,6,15,13,8,9,24,22,20,23,25,26,30,32,35,37,38,33,34,36,31,31,27,27,11,12,16,17,17,18,19,28]
7748.755;18295.658;[29,21,14,10,1,2,4,3,5,7,6,15,13,8,9,24,22,20,23,25,26,30,32,35,37,38,33,34,36,31,31,27,27,11,12,16,17,18,19,28]
7748.755;15233.841;[29,21,14,10,1,2,4,3,5,7,6,15,13,8,9,24,22,20,23,25,26,30,32,35,37,38,33,34,36,31,31,27,11,12,16,16,17,18,19,19,28]
7748.755;25868.15;[29,21,14,10,1,2,4,3,5,7,6,15,13,8,9,24,22,20,23,25,26,30,32,35,37,38,33,34,36,31,27,11,12,16,17,18,19,28]
7748.755;22075.25;[29,21,14,10,1,2,4,3,5,7,6,15,13,8,9,24,22,20,23,25,26,30,32,35,37,38,33,34,36,31,27,11,12,16,17,18,19,28]
7748.755;22075.25;[29,21,14,10,1,2,4,3,5,7,6,15,13,8,9,24,22,20,23,25,26,30,32,35,37,38,33,33,34,36,31,27,11,12,16,17,18,19,28]
7748.755;20472.576;[29,21,14,10,1,2,4,3,5,7,6,15,13,8,9,24,22,20,23,25,26,30,32,35,37,38,33,33,34,36,31,27,11,12,16,17,18,19,28]
7748.755;20472.576;[29,21,14,10,1,2,4,3,5,7,6,15,13,8,9,24,22,20,23,25,26,30,32,35,37,38,33,33,34,36,31,27,11,12,16,17,18,19,28]
7748.755;19650.84;[29,21,14,10,1,2,4,3,5,7,6,15,13,8,9,24,22,20,23,25,26,30,32,35,37,38,33,34,36,31,27,11,12,16,16,17,17,18,19,28]
7748.755;26720.844;[29,21,14,10,1,2,4,3,5,7,6,15,13,8,9,24,22,20,23,25,26,30,32,35,37,38,33,34,36,31,27,27,11,11,12,16,17,18,19,28]
7611.9214;23251.523;[29,21,14,10,1,1,2,4,3,5,7,6,15,13,8,9,11,12,16,17,18,19,24,22,20,23,25,26,30,32,35,37,38,33,34,36,31,33,27,28]
7611.9214;21290.805;[29,21,14,10,1,2,4,3,5,7,6,15,13,8,9,11,12,16,17,18,19,24,22,20,23,25,26,30,32,35,37,38,33,34,36,31,33,27,28]
7316.467;21561.088;[29,21,14,10,1,1,2,4,3,5,7,6,15,13,8,9,11,12,16,17,18,19,24,22,20,23,25,26,30,32,35,37,38,33,34,36,31,27,28]
7316.467;21561.088;[29,21,14,10,1,1,2,4,3,5,7,6,15,13,8,9,11,12,16,17,18,19,24,22,20,23,25,26,30,32,35,37,38,33,34,36,31,27,28]
7316.467;20912.703;[29,21,14,10,1,2,4,3,5,7,6,15,13,8,9,11,12,16,17,18,19,24,22,20,23,25,26,30,32,35,37,38,33,34,36,31,27,28]
7316.467;17165.162;[29,21,14,10,1,2,4,3,5,7,6,15,13,8,9,11,12,16,17,18,19,24,22,20,23,25,26,30,32,35,37,38,33,34,36,31,27,28]
7316.467;16999.66;[29,21,14,10,1,2,4,3,5,7,6,15,13,8,9,11,12,16,17,18,19,24,22,20,23,25,26,30,32,35,37,38,33,34,36,31,27,28]
7316.467;17204.625;[29,21,14,10,1,2,4,3,5,7,6,15,13,8,9,11,12,16,17,18,19,24,22,20,23,25,26,30,32,35,37,38,33,34,36,31,27,28]
7316.467;17204.625;[29,21,14,10,1,2,4,3,5,7,6,15,13,8,9,11,12,16,17,18,19,24,22,20,23,25,26,30,32,35,37,38,33,34,36,31,27,28]
7316.467;17198.629;[29,21,14,10,1,2,4,3,5,7,6,15,13,8,9,11,12,16,17,18,19,24,22,20,23,25,26,30,32,35,37,38,38,33,34,36,31,27,28]
7316.467;18560.887;[29,21,14,10,1,2,4,3,5,7,6,15,13,8,9,11,12,16,17,18,19,24,22,20,23,25,26,30,32,35,37,38,33,34,36,31,27,28]
7316.467;18560.887;[29,21,14,10,1,2,4,3,5,7,6,15,13,8,9,11,12,16,17,18,19,24,22,20,23,25,26,30,32,35,37,38,33,34,36,31,27,28]
7316.467;17471.645;[29,21,14,10,1,2,4,3,5,7,6,15,13,8,9,11,12,16,17,18,19,24,22,20,23,25,26,30,32,35,37,38,38,33,34,36,31,27,27,28]
7316.467;16458.12;[29,21,14,10,1,2,4,3,5,7,6,15,13,8,9,11,12,16,17,18,19,24,22,20,23,25,26,30,32,35,37,37,38,33,34,36,31,27,28]
7316.467;16276.275;[29,21,14,10,1,2,4,3,5,7,6,15,13,8,9,11,12,16,17,18,19,24,22,20,23,25,26,30,32,35,37,38,33,34,36,31,27,28]
7316.467;17725.238;[29,21,14,10,1,2,4,3,5,7,6,15,13,8,9,11,12,16,17,18,19,24,22,20,23,25,26,30,32,35,37,38,33,34,36,31,31,27,27,28]
7316.467;31557.998;[29,21,14,10,1,2,4,3,5,7,6,15,13,8,9,11,12,16,17,18,19,24,22,20,23,25,26,30,32,35,37,38,33,34,36,31,31,27,27,28]
7316.467;30087.42;[29,21,14,10,1,2,4,3,5,7,6,15,13,8,9,11,12,16,17,18,19,24,22,20,23,25,26,30,30,32,35,37,38,33,34,36,31,31,27,27,28]
7316.467;23167.844;[29,21,14,10,1,2,4,3,5,5,7,6,15,13,8,9,11,12,16,17,18,19,24,22,20,23,25,26,30,32,35,37,38,33,34,36,31,27,28]
7316.467;18954.488;[29,21,14,10,1,2,4,3,5,7,6,15,13,8,9,11,12,16,17,18,19,24,22,20,23,25,26,30,32,35,35,37,37,38,33,34,36,31,31,27,28]
7316.467;18954.488;[29,21,14,10,1,2,4,3,5,7,6,15,13,8,9,11,12,16,17,18,19,24,22,20,23,25,26,30,32,35,37,38,33,34,36,31,27,28]
7316.467;18741.617;[29,21,14,10,1,2,4,3,5,7,6,15,13,8,9,11,12,16,17,18,19,24,22,20,23,25,26,30,30,32,35,37,38,33,34,36,31,31,27,27,28]
7316.467;30545.873;[29,21,14,10,1,2,4,3,5,7,6,15,13,8,9,11,12,16,17,18,19,24,22,20,23,25,26,30,32,35,37,38,33,34,36,31,27,28]
7316.467;30545.873;[29,21,14,10,1,2,4,3,5,7,6,15,13,8,9,11,12,16,17,18,19,24,22,20,23,25,26,30,32,35,37,38,33,34,36,31,27,28,28]
7316.467;25778.684;[29,21,14,10,1,2,4,3,5,7,6,15,13,8,9,11,12,16,17,18,19,24,22,20,23,25,26,30,32,35,37,38,33,34,36,31,27,28,28]
7316.467;19788.02;[29,21,14,10,1,2,4,3,5,7,6,15,13,8,9,11,12,16,17,18,19,24,22,20,23,25,26,30,32,35,37,38,33,34,36,31,27,28]
7316.467;19205.44;[29,21,14,10,1,2,4,3,5,7,6,15,13,8,9,11,12,16,17,18,19,24,22,20,23,25,26,30,32,35,35,37,38,33,34,36,31,27,27,28,28]
7316.467;16595.746;[29,21,14,10,1,2,4,3,5,7,6,15,13,8,9,11,12,16,17,18,19,24,22,20,23,25,26,30,32,35,37,38,33,34,36,31,31,27,28]
7316.467;25178.729;[29,21,14,10,1,2,4,3,5,7,6,15,13,8,9,11,12,16,17,18,19,24,22,20,23,25,26,30,32,35,37,38,33,34,36,31,27,28]
7316.467;25178.729;[29,21,14,10,1,2,4,3,5,7,6,15,13,8,9,11,12,16,17,18,19,24,22,20,23,25,26,30,32,35,37,38,33,34,36,31,27,28]
7316.467;19659.71;[29,21,14,10,1,2,4,3,5,7,6,15,13,8,9,11,12,16,17,18,19,24,22,20,23,25,26,30,32,35,37,38,33,34,36,31,27,28]
7316.467;19659.71;[29,21,14,10,1,2,4,3,5,7,6,15,13,8,9,11,12,16,16,17,18,19,24,22,20,23,25,26,30,32,35,37,38,33,34,36,31,27,28]
7316.467;19453.244;[29,21,14,10,1,2,4,3,5,7,6,15,13,8,9,11,12,16,17,18,19,24,22,20,23,25,26,30,32,35,37,38,33,34,36,31,31,27,27,28]
7316.467;16183.684;[29,21,14,10,1,2,4,3,5,7,6,15,13,8,9,11,12,16,17,18,19,24,22,20,23,25,26,30,32,35,37,38,33,34,36,31,27,28]
7316.467;26496.924;[29,21,14,10,1,2,4,3,5,5,7,7,6,15,13,8,9,11,12,16,17,18,19,24,22,20,23,25,26,30,32,35,37,38,33,34,36,31,27,28]
7316.467;26496.924;[29,21,14,10,1,2,4,3,5,7,6,15,13,8,9,11,11,12,16,17,18,19,24,22,20,23,23,25,26,30,32,35,37,38,33,34,36,31,27,27,28,28]
7316.467;23021.678;[29,21,14,10,1,2,4,3,5,7,6,15,13,8,9,11,12,16,17,18,19,24,22,20,23,25,26,30,32,35,37,38,33,34,36,31,27,28]
7316.467;23021.678;[29,21,14,10,1,2,4,3,5,7,6,15,13,8,9,11,12,16,17,18,18,19,24,22,20,23,25,26,30,32,35,35,37,38,33,34,36,31,27,28]
7316.467;20786.912;[29,21,14,10,1,2,4,3,5,7,6,15,13,8,9,11,12,16,17,18,19,24,22,20,23,25,26,30,32,35,37,38,33,34,36,31,27,28]
7316.467;20786.912;[29,21,14,10,1,2,4,3,5,7,6,15,13,8,9,11,12,16,17,18,19,24,22,20,23,25,26,30,32,35,37,38,33,34,36,31,27,28]
7316.467;26904.275;[29,21,14,10,1,2,4,3,5,7,6,15,13,8,9,11,12,16,17,18,19,24,22,20,23,25,26,30,32,35,37,38,33,34,36,31,27,28]
7316.467;26904.275;[29,21,14,10,1,2,4,3,5,7,6,15,13,8,9,11,12,12,16,17,18,19,24,22,20,23,25,26,30,32,35,37,38,33,34,36,31,27,28]
7316.467;20334.389;[29,21,14,10,1,2,4,3,5,7,6,15,13,8,9,11,12,12,16,17,18,19,24,22,20,23,25,26,30,32,35,37,38,33,34,36,31,27,28]
7316.467;19346.182;[29,21,14,10,1,2,4,3,5,7,6,15,13,8,9,11,12,16,17,18,19,24,22,20,23,25,26,26,30,32,35,37,38,33,34,36,31,27,28]
7316.467;18192.686;[29,21,14,10,1,2,4,3,5,7,6,15,13,8,9,11,12,16,17,18,19,19,24,22,20,23,25,26,30,32,35,37,38,33,34,36,31,27,28]
7316.467;17861.764;[29,21,14,10,1,2,4,3,5,7,6,15,13,8,9,11,12,16,17,18,19,24,22,20,23,25,26,30,32,35,37,38,33,34,36,31,27,28]
7316.467;17861.764;[29,21,14,10,1,2,4,3,5,7,6,15,13,8,9,11,12,16,17,18,19,24,22,20,23,25,26,30,32,35,37,38,33,34,36,31,27,28]
7316.467;25829.701;[29,21,14,10,1,2,4,3,5,7,6,15,13,8,9,11,12,16,17,18,18,19,24,22,20,23,25,26,30,32,32,35,37,38,33,34,34,36,31,27,28]
7316.467;22286.639;[29,21,14,10,1,2,4,3,5,7,6,15,13,8,9,11,12,16,17,18,18,19,19,24,22,20,23,25,26,30,32,35,37,38,33,34,36,31,27,27,28]
7316.467;27126.01;[29,21,14,10,1,2,4,3,5,7,6,15,13,8,9,11,12,16,17,18,19,24,22,20,23,25,26,30,32,35,37,38,33,34,36,31,31,31,27,27,28]
7316.467;27126.01;[29,21,14,10,1,2,4,3,5,7,6,15,13,8,9,11,12,16,17,18,19,24,22,20,23,25,26,30,32,35,37,38,33,34,36,31,31,27,27,28]
7316.467;25782.438;[29,21,14,10,1,2,4,3,5,7,6,15,13,8,9,11,12,16,17,18,19,24,22,20,23,25,26,30,32,35,37,38,33,34,36,31,27,27,28]
7316.467;16358.232;[29,21,14,10,1,2,4,3,5,7,6,15,13,8,9,11,12,16,17,17,18,19,24,22,20,23,25,26,30,32,35,37,38,33,34,36,31,27,28,28]
7316.467;16733.559;[29,21,14,10,1,2,4,3,5,7,6,15,13,8,9,11,12,16,17,18,19,24,22,20,23,25,26,30,32,32,32,32,35,37,38,33,34,36,31,31,31,27,28]
7316.467;24445.67;[29,21,14,10,1,2,4,3,5,7,6,15,13,8,9,11,12,16,17,18,19,24,22,20,23,25,26,30,32,35,37,38,33,34,36,31,27,28]
7316.467;21255.0;[29,21,14,10,1,2,4,3,5,7,6,15,13,8,9,11,12,16,17,18,19,24,22,20,23,25,26,30,32,35,35,37,37,38,33,34,36,31,27,28]
7316.467;19926.488;[29,21,14,10,1,2,4,3,5,7,6,15,13,8,9,11,12,16,17,18,19,24,22,20,23,25,26,30,32,35,37,38,33,34,36,31,27,27,28]
7316.467;18922.861;[29,21,14,10,1,2,4,3,5,7,6,15,13,8,9,11,12,16,17,18,19,24,22,20,23,25,26,30,32,35,37,38,38,33,34,36,31,27,28]
7316.467;17279.19;[29,21,14,10,1,2,4,3,5,7,6,15,13,8,9,11,12,16,17,18,19,24,22,20,23,25,26,30,32,35,37,38,38,33,34,36,31,27,28]
7316.467;16676.342;[29,21,14,10,1,2,4,3,5,7,6,15,13,8,9,11,12,16,17,18,19,24,22,20,23,25,26,30,32,35,37,38,33,34,36,31,27,27,28]
7316.467;26049.15;[29,21,14,10,1,2,4,3,5,7,6,15,13,8,9,11,12,16,17,18,19,24,22,20,23,25,26,30,32,35,37,38,33,34,36,31,27,28]
7316.467;26049.15;[29,21,14,10,1,2,4,3,5,7,6,15,13,8,9,11,12,16,17,18,19,24,22,20,23,25,26,30,32,35,35,37,38,33,34,36,31,27,27,28]
7316.467;24429.75;[29,21,14,10,1,2,4,3,5,7,6,15,13,8,9,11,12,16,17,18,19,24,22,20,23,25,26,30,32,35,35,37,37,38,38,38,33,34,36,31,27,28]
7316.467;18046.691;[29,21,14,10,1,2,4,3,5,7,6,15,13,8,9,11,12,16,17,18,19,24,24,22,22,20,23,25,26,30,32,35,37,38,33,34,36,31,27,28]
7316.467;18046.691;[29,21,14,10,1,2,4,3,5,7,6,15,13,8,9,11,12,16,17,18,19,24,24,22,22,20,23,25,26,30,32,35,37,38,33,34,36,31,27,28]
7316.467;16493.094;[29,21,14,10,1,2,4,3,5,7,6,15,13,8,9,11,12,16,17,18,19,24,24,22,22,20,23,25,26,30,32,35,37,38,33,34,36,31,27,27,28]
7316.467;22404.607;[29,21,14,10,1,2,4,3,3,5,5,7,6,15,13,8,9,11,12,16,17,18,19,24,22,20,23,25,26,30,32,32,35,37,38,33,34,36,31,27,27,28]
7316.467;18590.17;[29,21,14,10,1,2,4,3,5,7,6,15,13,8,9,11,12,16,17,18,19,24,22,20,23,25,26,30,32,35,37,38,33,34,36,31,27,28]
7316.467;18416.857;[29,21,14,10,1,2,4,3,5,7,6,15,13,8,9,11,12,16,17,18,19,24,22,20,23,25,26,30,32,35,37,38,38,33,34,36,31,27,28]
7316.467;18416.857;[29,21,14,10,1,2,4,3,5,7,6,15,13,8,9,11,12,16,17,18,19,24,22,20,23,25,26,30,32,35,35,37,38,33,34,36,31,27,28]
7316.467;17519.363;[29,21,14,10,1,2,4,3,5,7,6,15,13,8,9,11,12,16,17,18,19,24,22,20,23,25,26,30,32,35,37,38,33,34,36,31,27,27,28]
7316.467;15615.395;[29,21,14,10,1,2,4,3,5,7,6,15,13,8,9,11,12,16,17,18,19,24,22,20,23,25,26,30,32,35,37,38,33,34,36,31,27,28]
7316.467;23815.1;[29,21,14,10,1,2,4,3,5,7,6,15,13,8,9,11,12,16,17,18,19,24,22,22,20,20,23,25,26,30,32,35,37,38,38,33,33,34,36,31,27,28]
7316.467;22270.639;[29,21,14,10,1,2,4,3,5,7,6,15,13,8,9,11,12,16,17,18,19,24,22,20,23,25,26,30,32,35,37,38,38,33,34,36,31,27,27,28]
7316.467;22270.639;[29,21,14,10,1,2,4,3,5,7,6,15,13,8,9,11,12,16,17,18,19,24,22,20,23,25,26,30,32,35,37,38,38,33,34,36,31,27,27,28]
7316.467;18998.215;[29,21,14,10,1,2,4,3,5,7,6,15,13,8,9,11,12,16,17,18,19,24,22,20,23,25,26,30,32,35,37,38,33,34,36,31,27,28]
7316.467;18670.893;[29,21,14,10,1,2,4,3,5,7,6,15,13,8,9,11,12,16,17,18,19,24,22,20,23,25,26,30,32,35,37,38,33,34,36,31,27,27,28]
7316.467;19049.432;[29,21,14,10,1,2,4,3,5,7,6,15,13,8,9,11,12,16,17,18,19,24,22,20,23,25,26,30,32,35,37,38,33,34,36,31,27,27,28]
7316.467;23449.814;[29,21,14,10,1,2,4,3,5,7,6,15,13,8,9,11,12,16,17,18,19,24,24,22,22,20,23,25,26,30,32,35,37,38,33,34,36,31,27,27,28]
7316.467;22217.291;[29,21,14,10,1,2,4,3,5,7,6,15,13,8,9,11,12,16,17,18,19,24,24,22,22,20,23,25,26,30,32,35,37,38,33,34,36,31,31,27,27,28]
7316.467;21410.203;[29,21,14,10,1,2,4,3,5,7,6,15,13,8,9,11,12,16,17,18,19,24,24,22,22,20,23,25,26,30,32,35,37,38,33,34,36,31,31,27,27,28]
7316.467;18314.14;[29,21,14,10,1,2,4,3,5,7,6,15,13,8,9,11,12,16,17,18,19,24,24,22,22,20,23,25,26,30,32,35,37,38,33,34,36,31,27,27,28]
7316.467;17428.277;[29,21,14,10,1,2,4,3,5,7,6,15,13,8,9,11,12,16,17,18,19,24,22,20,23,25,26,30,32,35,37,38,33,34,36,31,27,27,28]
7316.467;16629.281;[29,21,14,10,1,2,4,3,5,7,6,15,13,8,9,11,12,16,17,18,19,24,22,20,23,25,26,30,32,35,37,38,33,34,36,31,27,27,28]
7316.467;29563.158;[29,21,14,10,1,2,4,3,5,7,6,15,13,8,9,11,12,16,17,18,19,24,22,20,23,25,26,30,32,35,37,38,33,34,36,31,31,27,28]
7316.467;29563.158;[29,21,14,10,1,2,4,3,5,7,6,15,13,8,9,11,12,16,17,18,19,24,22,20,23,25,26,30,32,35,37,38,33,34,36,31,27,27,28]
7316.467;19726.758;[29,21,14,10,1,2,4,3,5,7,6,15,13,13,8,9,11,12,16,17,18,19,24,24,22,22,20,23,25,26,30,30,32,32,35,37,38,33,34,36,31,27,27,28]
7316.467;17680.975;[29,21,14,10,1,2,4,3,5,7,6,15,13,13,8,9,11,12,16,17,18,19,24,24,22,22,20,23,25,26,30,30,32,32,35,37,38,33,34,36,31,27,27,28]
7316.467;16733.559;[29,21,14,10,1,2,4,3,5,7,6,15,13,8,9,11,12,16,17,18,19,24,22,20,23,23,25,26,30,32,35,35,37,38,33,34,36,31,27,28]
7316.467;20145.107;[29,21,14,10,1,2,4,3,5,7,6,15,13,8,9,11,12,16,17,18,19,24,22,20,23,23,25,26,30,32,35,35,37,38,33,34,36,31,27,27,28]
7316.467;20145.107;[29,21,14,10,1,2,4,3,5,7,6,15,13,8,9,11,12,16,17,18,19,24,22,20,23,23,25,26,30,32,35,35,37,38,33,34,36,31,27,28]
7316.467;34829.332;[29,21,14,10,1,2,4,3,5,7,6,15,13,8,9,11,12,16,17,18,19,24,22,20,23,23,25,26,30,32,35,35,37,38,33,34,36,31,27,28]
7316.467;27937.12;[29,21,14,10,1,2,4,3,5,7,6,15,13,8,9,11,12,16,17,18,19,24,24,22,22,20,23,25,26,26,30,30,32,35,37,38,33,34,36,31,27,28]
7316.467;19199.232;[29,21,14,10,1,2,4,3,5,7,6,15,13,8,9,11,12,16,17,18,19,24,22,20,23,25,26,26,30,30,32,32,35,37,38,33,34,36,31,27,27,28]
7316.467;19646.014;[29,21,14,10,1,2,4,3,5,7,6,15,13,8,9,11,12,16,17,18,19,24,22,20,23,25,26,30,32,35,35,37,38,33,34,36,31,31,27,27,28]
7316.467;19646.014;[29,21,14,10,1,2,4,3,5,7,6,15,13,8,9,11,12,16,17,18,19,24,24,22,22,20,23,25,26,30,32,35,37,38,33,34,36,31,27,27,28]
7316.467;17697.813;[29,21,14,10,1,2,4,3,5,7,6,15,13,8,9,11,12,16,17,18,19,24,22,20,23,25,26,30,32,35,37,38,33,34,36,31,31,27,28]
7316.467;17697.813;[29,21,14,10,1,2,4,3,5,7,6,15,13,8,9,11,12,16,17,18,19,24,22,20,23,25,26,30,32,35,37,38,33,34,36,31,31,27,28]
7316.467;30303.771;[29,21,14,10,1,2,4,3,5,7,6,15,13,8,9,11,12,16,17,18,19,24,24,22,22,20,23,25,26,30,32,35,37,38,33,34,36,31,27,27,28]
7316.467;24061.268;[29,21,14,10,1,2,4,3,5,7,6,15,13,8,9,11,12,16,17,18,19,24,22,20,23,25,26,30,32,32,35,37,38,33,34,36,31,27,27,27,27,28]
7316.467;19551.912;[29,21,14,10,1,2,4,3,5,7,6,15,13,8,9,11,12,16,17,18,18,19,24,22,20,23,25,26,30,30,32,35,37,38,33,34,36,31,31,27,27,27,28]
7316.467;19586.096;[29,21,14,10,1,2,4,3,5,7,6,15,13,8,9,11,12,16,17,18,18,19,24,22,20,23,25,26,30,30,32,35,37,38,33,34,36,31,31,27,28]
7316.467;19875.514;[29,21,14,10,1,2,4,3,5,7,6,15,13,8,9,11,12,16,17,18,18,19,24,22,20,23,25,26,30,30,32,35,37,38,33,34,36,31,31,27,28]
7316.467;19875.514;[29,21,14,10,1,2,4,3,5,7,6,15,13,8,9,11,12,16,17,18,18,19,24,22,20,23,25,26,30,32,35,37,38,33,34,36,31,27,28]
7316.467;26230.904;[29,21,14,10,1,2,4,3,5,7,6,15,13,8,9,9,11,11,12,16,17,18,18,19,24,22,20,23,25,26,30,30,32,35,35,37,38,33,34,36,31,31,27,28]
7316.467;22984.002;[29,21,14,10,1,2,4,3,5,7,6,15,13,8,9,11,12,16,17,18,19,24,22,20,23,25,26,30,30,32,35,37,38,33,34,36,31,27,27,28]
7316.467;18667.424;[29,21,14,10,1,2,4,3,5,7,6,15,13,8,9,11,12,16,17,18,19,24,22,20,23,25,25,26,30,32,35,37,38,33,34,36,31,31,27,28]
7316.467;18320.697;[29,21,14,10,1,2,4,3,5,7,6,15,13,8,9,11,12,16,17,18,19,24,22,20,23,25,26,30,32,35,35,37,38,33,34,36,31,31,27,27,28]
7316.467;18320.697;[29,21,14,10,1,2,4,3,5,7,6,15,13,8,9,11,12,16,17,18,19,24,22,20,23,25,25,26,30,32,35,37,38,33,34,36,31,27,28]
7316.467;17012.064;[29,21,14,10,1,2,4,3,5,7,6,15,13,8,9,11,12,16,17,18,19,24,22,20,23,25,25,26,30,32,35,37,38,33,34,36,31,27,27,28]
7316.467;27657.393;[29,21,14,10,1,2,4,3,5,7,6,15,13,8,9,11,12,16,17,18,19,24,22,20,23,23,25,26,30,32,35,37,38,33,34,36,31,27,27,28]
7316.467;27657.393;[29,21,14,10,1,2,4,3,5,7,6,15,13,8,9,11,12,16,17,18,19,24,22,20,23,25,26,30,32,35,37,37,38,38,33,34,36,31,27,28]
7316.467;22901.326;[29,21,14,10,1,2,4,3,5,7,6,15,13,8,9,11,12,16,17,18,19,24,22,20,23,23,25,26,30,32,35,37,38,33,34,36,31,27,28]
7316.467;22901.326;[29,21,14,10,1,2,4,3,5,7,6,15,13,8,9,11,12,16,17,18,19,24,24,24,24,22,22,20,23,25,26,30,32,35,37,38,33,34,36,31,31,27,27,28]
7316.467;15501.771;[29,21,14,10,1,2,4,3,5,7,6,15,13,8,9,11,12,16,17,18,19,24,24,24,24,22,22,20,23,25,26,30,32,35,37,38,33,34,36,31,27,28]
7316.467;16494.123;[29,21,14,10,1,2,4,3,5,7,6,15,13,8,9,11,12,16,17,18,19,24,24,24,24,22,22,20,23,25,26,26,30,30,32,35,37,38,33,34,36,31,27,27,27,28,28]
7316.467;27285.766;[29,21,14,10,1,2,4,3,5,7,6,15,13,8,9,11,12,16,17,18,19,24,24,24,24,22,22,20,23,25,26,30,32,35,37,38,33,34,36,31,27,28]
7316.467;27285.766;[29,21,14,10,1,2,4,3,5,7,6,15,13,8,9,11,12,16,17,18,19,24,24,22,20,23,25,26,30,32,35,37,37,38,38,33,34,36,31,27,28]
7316.467;22258.742;[29,21,14,10,1,2,4,3,5,7,6,15,13,8,9,11,12,16,17,18,19,24,22,20,23,25,26,30,32,35,37,38,33,34,36,31,27,28]
7316.467;18591.338;[29,21,14,10,1,2,4,3,5,7,6,15,13,8,9,11,12,16,17,18,19,24,22,20,23,25,26,30,32,35,37,38,33,34,36,31,27,28]
7316.467;19162.262;[29,21,14,10,1,2,4,3,5,7,6,15,13,8,9,11,12,16,17,18,19,24,22,20,23,23,25,26,26,30,30,32,35,37,38,33,34,36,31,31,27,28]
7316.467;19162.262;[29,21,14,10,1,2,4,3,5,7,6,15,13,8,9,11,12,16,17,18,19,24,24,22,20,23,25,26,30,32,35,37,38,33,34,36,31,27,27,28]
7316.467;25836.143;[29,21,14,10,1,2,4,3,5,7,6,15,13,8,9,11,12,16,17,18,19,24,24,22,20,23,25,26,30,32,35,37,38,33,34,36,31,27,27,28]
7316.467;25836.143;[29,21,14,10,1,2,4,3,3,5,5,7,6,15,13,8,9,11,12,16,17,18,19,24,24,22,20,23,25,26,30,32,35,37,38,33,34,36,31,27,27,28]
7316.467;19107.268;[29,21,14,10,1,2,4,3,5,7,6,15,13,8,9,11,12,16,17,18,19,24,22,20,23,25,25,26,30,32,35,35,37,37,38,33,34,36,31,27,27,28]
7316.467;18084.484;[29,21,14,10,1,2,4,3,5,7,6,15,13,8,9,11,12,16,17,18,19,24,22,20,23,25,25,26,30,32,35,37,38,33,34,36,31,27,28]
7316.467;18084.484;[29,21,14,10,1,2,4,3,5,7,6,15,13,8,9,11,12,16,17,18,19,24,22,20,23,25,25,26,30,32,35,37,38,33,34,36,36,31,27,28]
7316.467;16765.11;[29,21,14,10,1,2,4,3,5,7,6,15,13,8,9,11,12,16,17,18,19,24,22,20,23,25,25,26,30,32,35,37,38,33,34,36,31,27,28]
7316.467;26687.26;[29,21,14,10,1,2,2,4,3,5,7,6,15,13,8,9,11,12,16,17,18,19,24,22,20,23,25,25,26,30,32,35,37,38,33,34,36,31,27,28]
7316.467;26687.26;[29,21,14,10,1,2,4,3,5,7,6,15,13,8,9,11,12,16,17,18,19,24,22,20,23,25,25,26,30,32,35,37,38,33,34,36,31,27,28]
7316.467;20315.486;[29,21,14,10,1,2,4,3,5,7,6,15,13,8,9,11,12,16,17,18,19,24,22,20,23,25,25,26,30,32,35,37,38,33,34,36,31,27,28]
7316.467;21015.635;[29,21,14,10,1,2,4,3,5,7,6,15,13,8,9,11,12,16,17,18,19,24,22,20,23,25,25,26,30,32,35,37,38,33,34,36,31,27,27,28]
7316.467;21015.635;[29,21,14,10,1,2,4,3,5,7,6,15,13,8,9,11,12,16,17,18,19,24,22,20,23,25,25,26,30,32,35,37,38,33,34,36,31,27,27,28]
7316.467;19729.557;[29,21,14,10,1,2,4,3,5,7,6,15,13,8,9,11,12,16,17,18,19,24,22,20,23,25,26,30,32,35,37,38,33,34,36,31,27,28]
7316.467;29308.152;[29,21,14,10,1,2,4,3,5,7,6,15,15,13,8,9,11,12,16,17,18,19,24,22,20,23,25,26,30,32,35,37,38,33,34,36,31,27,28]
7316.467;27154.97;[29,21,14,10,1,2,4,3,5,7,6,15,13,8,9,11,12,16,17,18,19,24,22,20,23,23,25,25,26,30,32,35,37,38,33,34,36,31,31,27,27,27,28]
7316.467;23058.512;[29,21,14,10,1,2,4,3,5,7,6,15,13,8,9,11,12,16,17,18,19,24,24,22,20,23,23,25,25,26,30,32,35,37,38,33,34,36,31,27,28]
7316.467;19018.607;[29,21,14,10,1,2,4,3,5,7,6,15,13,8,9,11,12,16,17,18,19,24,22,20,23,25,26,30,30,32,35,37,38,33,34,36,31,27,28]
7316.467;16593.316;[29,21,14,10,1,2,4,3,5,7,6,15,13,8,9,11,12,16,17,18,19,24,22,20,23,25,26,30,32,35,37,38,33,34,36,31,27,28]
7316.467;16193.791;[29,21,14,10,1,2,4,3,5,7,6,15,13,8,9,11,12,16,17,18,19,24,22,20,23,25,26,30,32,35,37,38,33,34,36,31,27,28]
7316.467;24441.463;[29,21,14,10,1,2,4,3,5,7,6,15,13,8,9,11,12,16,17,18,19,24,22,20,23,25,25,26,30,32,32,35,37,38,33,34,36,31,27,28]
7284.1284;24441.463;[29,21,14,10,1,2,4,3,5,7,6,15,13,8,9,11,12,16,16,17,18,19,24,24,22,20,23,25,25,26,35,37,38,33,34,36,31,27,28,30,32]
7284.1284;23341.031;[29,21,14,10,1,2,4,3,5,7,6,15,13,8,9,11,12,16,16,17,18,19,24,24,22,20,23,25,25,26,35,37,38,33,34,36,31,27,28,30,32]
7316.467;20839.354;[29,21,14,10,1,2,4,3,5,7,6,15,13,8,9,11,12,16,17,18,19,24,22,20,23,25,26,30,30,32,35,37,38,33,34,36,31,31,27,28]
7316.467;16911.717;[29,21,14,10,1,2,4,3,5,7,6,15,13,8,9,11,12,16,17,18,19,24,22,20,23,25,26,30,30,32,35,35,37,38,33,34,36,31,31,27,28]
7316.467;16911.717;[29,21,14,10,1,2,4,3,5,7,6,15,13,8,9,11,12,16,17,18,19,24,22,20,23,25,26,30,30,32,35,37,38,33,34,36,31,27,28]
7316.467;26721.693;[29,21,14,10,1,2,4,3,5,7,6,15,13,8,9,11,12,16,17,18,19,24,22,20,23,25,26,30,30,32,35,37,38,33,34,36,31,27,28]
7316.467;26721.693;[29,21,14,10,1,2,4,3,5,7,6,15,13,8,9,11,12,16,17,18,19,24,22,20,23,23,25,26,30,32,35,37,38,33,34,36,31,27,27,28]
7316.467;22333.404;[29,21,14,10,1,2,4,3,5,7,6,15,13,8,9,11,12,16,17,18,19,24,22,20,23,25,26,30,32,32,35,37,38,33,34,36,31,27,28]
7316.467;19719.926;[29,21,14,10,1,2,4,3,5,7,6,15,13,8,9,11,12,16,17,18,19,24,22,20,23,25,26,30,32,32,35,37,38,33,34,36,31,27,27,28]
7316.467;16193.791;[29,21,14,10,1,2,4,3,5,7,6,15,13,8,9,11,12,16,17,18,19,24,22,20,23,25,26,30,30,32,35,35,37,38,33,34,36,31,31,27,27,28]
7316.467;19232.293;[29,21,14,10,1,2,4,3,5,7,6,15,13,8,9,11,12,16,17,18,19,24,22,20,23,25,26,30,30,32,35,37,38,33,34,36,31,31,27,27,27,28]
7316.467;24468.877;[29,21,14,10,1,2,4,3,5,7,6,15,13,8,9,11,12,16,17,18,19,24,22,20,23,25,26,30,32,32,35,37,38,33,34,36,31,27,28]
7316.467;22647.955;[29,21,14,10,1,2,4,3,5,7,6,15,13,8,9,11,12,16,17,18,19,24,22,20,23,23,25,26,30,32,35,37,38,33,34,36,31,31,27,27,28]
7316.467;20639.83;[29,21,14,10,1,2,4,3,5,7,6,15,13,8,9,11,12,16,17,18,19,24,22,20,23,23,25,26,30,32,35,37,38,33,34,36,31,31,27,27,28]
7316.467;23461.17;[29,21,14,10,1,2,4,3,5,7,6,15,13,8,9,11,12,16,17,18,19,24,22,20,23,23,25,26,30,32,35,37,38,33,34,36,31,27,28]
7316.467;23461.17;[29,21,14,10,1,2,4,3,5,7,6,15,13,8,9,11,12,16,17,18,19,24,22,20,23,23,25,26,30,32,35,37,38,33,34,36,31,31,27,27,28]
7316.467;16973.557;[29,21,14,10,1,2,4,3,5,7,6,15,13,8,9,11,12,16,16,17,18,19,24,22,20,23,23,25,26,30,32,35,37,38,33,34,36,31,27,27,28]
7316.467;17162.006;[29,21,14,10,1,2,4,3,5,7,6,15,13,8,9,11,12,16,17,18,19,24,22,20,23,23,25,25,26,30,32,35,37,38,33,34,36,31,27,28]
7316.467;26603.65;[29,21,14,10,1,2,4,3,5,7,6,15,13,8,9,11,12,16,17,18,19,24,22,20,23,23,25,26,30,32,35,35,37,38,38,33,34,36,31,27,28]
7316.467;25712.885;[29,21,14,10,1,2,4,3,5,7,6,15,13,8,9,11,12,16,17,18,19,24,22,20,23,25,26,30,32,35,37,38,33,34,36,31,27,28]
7316.467;21593.893;[29,21,14,10,1,2,4,3,5,7,6,15,13,8,9,11,12,16,17,18,19,24,22,20,23,25,26,30,32,35,37,38,33,34,36,31,27,28]
7316.467;21593.893;[29,21,14,10,1,2,4,3,5,7,6,15,13,8,9,11,12,16,17,18,19,24,22,20,23,25,26,30,32,35,37,38,33,34,36,31,27,28]
7316.467;17065.25;[29,21,14,10,1,2,4,3,5,7,6,15,13,8,9,11,12,16,17,18,19,24,22,20,23,25,26,30,32,35,37,38,33,34,36,31,27,28]
7316.467;17065.25;[29,21,14,10,1,2,4,3,5,7,6,15,13,8,9,11,12,16,17,18,19,24,22,20,23,25,26,30,32,35,37,38,33,34,36,31,27,28]
7316.467;25209.016;[29,21,14,10,1,2,4,3,5,7,6,15,13,8,9,11,12,16,17,18,19,24,24,22,22,20,23,25,26,30,32,35,37,38,33,34,36,31,27,28]
7316.467;22384.482;[29,21,14,10,1,2,4,3,5,7,6,15,13,8,9,11,12,16,17,18,19,24,22,20,23,25,26,30,32,35,37,38,33,34,36,31,27,28]
7316.467;19947.48;[29,21,14,10,1,2,4,3,5,7,6,15,13,8,9,11,12,16,17,18,19,24,22,22,20,20,23,25,26,30,32,32,35,35,37,38,33,34,36,31,27,28]
7284.1284;20941.205;[29,21,14,10,1,2,4,3,5,7,6,15,13,8,9,11,12,16,17,18,19,24,22,20,23,25,25,26,26,35,37,38,33,34,36,31,31,27,27,28,30,32]
7284.1284;20941.205;[29,21,14,10,1,2,4,3,5,7,6,15,13,8,9,11,12,16,17,18,19,24,22,20,23,25,25,26,26,35,37,38,33,34,36,31,31,27,27,28,30,32]
7316.467;18615.688;[29,21,14,10,1,2,4,3,5,7,6,15,13,8,9,11,12,16,17,18,19,24,22,20,23,25,25,26,30,30,32,35,37,38,33,34,36,31,27,28]
7316.467;33000.477;[29,21,14,10,1,2,2,4,3,5,7,6,15,13,8,9,11,12,16,17,18,19,24,22,20,23,25,26,30,32,35,37,38,33,34,36,31,27,27,28]
7316.467;33000.477;[29,21,14,10,1,2,4,3,5,7,6,15,13,8,9,11,12,16,17,18,19,19,24,24,22,20,23,25,26,30,32,35,37,38,33,34,36,31,27,28]
7284.1284;20945.26;[29,21,14,10,1,2,4,3,5,7,6,15,13,8,9,11,12,16,17,18,19,24,22,20,23,25,26,35,37,38,33,34,36,31,31,27,27,27,28,30,32]
